,latitude,longitude,Wind_Speed,Land_Sea_Mask
1,36.0,26.0,7.338949096195028,0.0
2,36.0,26.25,7.329444756390798,0.0008392718172524072
3,36.0,26.5,7.301337905345809,0.0003967466772465955
4,36.0,26.75,7.3149851625006015,0.0034944226572871
5,36.0,27.0,7.058692922480544,0.005401858605588
6,36.0,27.25,7.038384504095437,0.0139013931912166
7,36.0,27.5,6.8311574028938,0.0419025529122731
8,36.0,27.75,5.785923725449087,0.2631956418903453
9,36.0,28.0,4.519571988627324,0.3779775075152976
10,36.0,28.25,4.944424101243773,0.1570201272641264
11,36.0,28.5,5.659524129420178,0.0
12,36.0,28.75,5.756923303995154,0.0
13,36.0,29.0,5.626543257962764,0.0
14,36.0,29.25,5.313062511770244,0.0056307509193841
15,36.0,29.5,5.260098156621884,0.0263989135244838
16,36.0,29.75,5.0562016360354045,0.0863686997390627
17,36.0,30.0,4.845562720545069,0.0233775349823752
18,36.0,30.25,4.820380281747536,0.0120549951932614
19,36.0,30.5,5.222243264752043,0.000656157966215487
20,36.0,30.75,5.383085938362095,0.0
21,36.0,31.0,5.492020294579811,0.0
22,36.0,31.25,5.460257928225503,0.0
23,36.0,31.5,5.347992991392629,0.0
24,36.0,31.75,5.028663420705199,0.0
25,36.0,32.0,4.820136580726915,0.0
26,36.0,32.25,4.557914282538407,0.0478842720461447
27,36.0,32.5,3.5759616367816887,0.3622602353012986
28,36.0,32.75,3.4878231009903224,0.4176674347275418
29,36.0,33.0,3.5994381684348733,0.3281705400332657
30,36.0,33.25,5.267165486219901,0.2012268628019471
31,36.0,33.5,5.498112820095344,0.186486197793478
32,36.0,33.75,5.978366298066366,0.0654326827705125
33,36.0,34.0,5.831577049978809,0.0003967466772465955
34,36.0,34.25,5.695835581492751,0.00016785436345045923
35,36.0,34.5,5.560581515047934,0.0
36,36.0,34.75,5.426058551664982,0.00010681641310483768
37,36.0,35.0,5.384304443465201,0.0
38,35.75,26.0,7.233913956307252,0.0
39,35.75,26.25,7.19004777259542,0.0003814871896601901
40,35.75,26.5,7.268357033888394,0.00044252514000581167
41,35.75,26.75,7.304018616572643,0.0037538339462561
42,35.75,27.0,7.309380039026312,0.0623960447408176
43,35.75,27.25,7.205400936894561,0.0576045656386858
44,35.75,27.5,7.070390571470367,0.0573756733248897
45,35.75,27.75,6.91239107643423,0.0292982161659011
46,35.75,28.0,6.029381045049756,0.0029450811041765
47,35.75,28.25,6.09623635837353,0.0
48,35.75,28.5,5.89217737043997,0.0
49,35.75,28.75,5.906799431677247,0.0
50,35.75,29.0,5.905824627594762,0.0
51,35.75,29.25,5.899000999017366,0.0
52,35.75,29.5,5.861633509188768,0.0
53,35.75,29.75,5.767889849923112,0.0
54,35.75,30.0,5.588688366092923,0.0
55,35.75,30.25,5.550589773202462,0.0
56,35.75,30.5,5.565211834439739,0.0
57,35.75,30.75,5.666835160038817,0.0
58,35.75,31.0,5.691692664142188,0.0
59,35.75,31.25,5.664641850853226,0.0
60,35.75,31.5,5.5723603977112965,0.0
61,35.75,31.75,5.563993329336633,0.0
62,35.75,32.0,5.54084173237761,0.0
63,35.75,32.25,5.700465900884555,0.0
64,35.75,32.5,5.852616571425781,0.0
65,35.75,32.75,5.913379359234022,0.0
66,35.75,33.0,5.908261637800975,0.00024415180138248616
67,35.75,33.25,6.238314053395742,0.0
68,35.75,33.5,6.356509048397068,0.0
69,35.75,33.75,6.244731513605436,0.0457021653212885
70,35.75,34.0,5.996643874612962,0.0527978270489676
71,35.75,34.25,5.736371184589425,0.0589931790090488
72,35.75,34.5,5.647257844715573,0.0038148718966017
73,35.75,34.75,5.517121499703804,0.0039827262600521
74,35.75,35.0,5.479835243548747,0.0
75,35.5,26.0,6.871124370275692,0.0412616544336441
76,35.5,26.25,7.198333607296544,0.027268704316909
77,35.5,26.5,7.254709776733602,0.0272839638044954
78,35.5,26.75,7.309867441067555,0.0175484107243678
79,35.5,27.0,7.483220100402832,0.1544870523247829
80,35.5,27.25,7.27883617777511,0.0747257107106343
81,35.5,27.5,7.178268889932058,0.0381181999908443
82,35.5,27.75,7.057230716356817,0.0
83,35.5,28.0,6.799638737560113,0.0
84,35.5,28.25,6.500048949543007,0.0
85,35.5,28.5,6.210532137044915,0.0
86,35.5,28.75,6.041078694039578,0.0
87,35.5,29.0,6.091118636940482,0.0
88,35.5,29.25,6.055457054256234,0.0
89,35.5,29.5,6.002980101149117,0.0
90,35.5,29.75,5.910211245965945,0.0
91,35.5,30.0,5.7483937682734085,0.0
92,35.5,30.25,5.612164897746108,0.0
93,35.5,30.5,5.593318685484728,0.0
94,35.5,30.75,5.630929876333947,0.0
95,35.5,31.0,5.715656597836615,0.0
96,35.5,31.25,5.721505422331527,0.0
97,35.5,31.5,5.761066221345716,0.0
98,35.5,31.75,5.8081817519991645,0.0
99,35.5,32.0,5.758629211139503,0.0
100,35.5,32.25,5.831333348958188,4.577846275921616e-05
101,35.5,32.5,6.051801538946915,4.577846275921616e-05
102,35.5,32.75,5.687062344750384,0.1274014618589107
103,35.5,33.0,5.481297449672475,0.1278287275113301
104,35.5,33.25,5.343118970980203,0.1274014618589107
105,35.5,33.5,5.124844090177068,0.1690751224573878
106,35.5,33.75,4.957583956357323,0.2159980467855889
107,35.5,34.0,5.43320711493654,0.2143195031510841
108,35.5,34.25,5.571385593628811,0.2362321273251644
109,35.5,34.5,5.504449046631497,0.1133322143042436
110,35.5,34.75,5.479835243548747,0.0095219202539179
111,35.5,35.0,5.433938217998404,0.0
112,35.25,26.0,6.032305457297212,0.2364610196389605
113,35.25,26.25,7.017913618363249,0.1777119924312941
114,35.25,26.5,7.26372671449659,0.075992248180306
115,35.25,26.75,7.298169792077733,0.0066531365876734
116,35.25,27.0,7.416121086058437,0.0247508888651519
117,35.25,27.25,7.332369168638253,0.0066531365876734
118,35.25,27.5,7.190535174636663,0.0
119,35.25,27.75,7.022543937755053,0.0
120,35.25,28.0,6.7915966038796105,0.0
121,35.25,28.25,6.613613625152529,0.0
122,35.25,28.5,6.463168861755652,0.0
123,35.25,28.75,6.333113750417423,0.0
124,35.25,29.0,6.212238044189264,0.0
125,35.25,29.25,6.134334951263991,0.0
126,35.25,29.5,6.09063123489924,0.0
127,35.25,29.75,6.020120406266146,0.0
128,35.25,30.0,5.8672386326630575,0.0
129,35.25,30.25,5.723942432537739,0.0
130,35.25,30.5,5.680969819234852,0.0
131,35.25,30.75,5.702253041702444,0.0
132,35.25,31.0,5.733934174383212,0.0
133,35.25,31.25,5.741732607043093,0.0
134,35.25,31.5,5.749612273376515,0.0
135,35.25,31.75,5.703958948846793,0.0
136,35.25,32.0,5.573578902814403,0.0
137,35.25,32.25,5.519314808889396,0.00019837333862327
138,35.25,32.5,4.876269049143352,0.1314147070941357
139,35.25,32.75,3.9766061146830896,0.3448033815024491
140,35.25,33.0,2.880195222907906,0.7296781774068026
141,35.25,33.25,2.583042445097013,0.8254619809866784
142,35.25,33.5,2.5210611521856645,0.9013321532662932
143,35.25,33.75,3.086528753700598,0.7865808066165139
144,35.25,34.0,4.5440233243629935,0.3584453634046969
145,35.25,34.25,5.132398821816328,0.0876657561839073
146,35.25,34.5,5.363102454671149,0.0
147,35.25,34.75,5.41631051084013,0.0
148,35.25,35.0,5.451972093524379,0.0
149,35.0,26.0,7.061129932686757,0.3160239879144858
150,35.0,26.25,7.351377848246714,0.1310942578548212
151,35.0,26.5,7.394594162570223,0.0353257137625318
152,35.0,26.75,7.350159343143607,0.0010986831062212
153,35.0,27.0,7.299144596160217,0.0011139425938077
154,35.0,27.25,7.220022998131839,0.0010986831062212
155,35.0,27.5,7.153898787869929,0.0
156,35.0,27.75,7.085012632707644,0.0
157,35.0,28.0,6.970798087709799,0.0
158,35.0,28.25,6.816941510024225,0.0
159,35.0,28.5,6.653905527228582,0.0
160,35.0,28.75,6.499074145460522,0.0
161,35.0,29.0,6.363332676974464,0.0
162,35.0,29.25,6.2913596422176425,0.0
163,35.0,29.5,6.217355765622311,0.0
164,35.0,29.75,6.123368405336033,0.0
165,35.0,30.0,5.997131276654205,0.0
166,35.0,30.25,5.884135236759467,0.0
167,35.0,30.5,5.817686091803395,0.0
168,35.0,30.75,5.76764614890249,0.0
169,35.0,31.0,5.67317138657497,0.0
170,35.0,31.25,5.691448963121567,0.0
171,35.0,31.5,5.66927217024503,0.0
172,35.0,31.75,5.585520252824846,0.0
173,35.0,32.0,5.427764458809332,0.0
174,35.0,32.25,4.982278993113613,0.3378297956754612
175,35.0,32.5,3.7637738900071622,0.7182030427418247
176,35.0,32.75,2.5684203838597357,0.987319365815696
177,35.0,33.0,2.159733772277832,0.9878992263439794
178,35.0,33.25,2.2512841223578963,0.9879755237819114
179,35.0,33.5,2.4741893225528364,0.8659301420658294
180,35.0,33.75,3.2075669272758387,0.6256389910426807
181,35.0,34.0,4.712258262265224,0.3261868066470328
182,35.0,34.25,5.212738924947813,0.081165214472098
183,35.0,34.5,5.407780975118386,0.0
184,35.0,34.75,5.4847092639611725,0.0
185,35.0,35.0,5.644577133488739,0.0
186,34.75,26.0,7.284035132881698,0.048647246425465
187,34.75,26.25,7.366731012545856,0.0485404300123601
188,34.75,26.5,7.445365208532991,0.0
189,34.75,26.75,7.459256166708405,0.0
190,34.75,27.0,7.381678008477294,0.0
191,34.75,27.25,7.276642868589518,0.0
192,34.75,27.5,7.175831879725845,0.0
193,34.75,27.75,7.085987436790129,0.0
194,34.75,28.0,6.983714241802728,0.0
195,34.75,28.25,6.866006648842644,0.0
196,34.75,28.5,6.752035804865422,0.0
197,34.75,28.75,6.681200041538166,0.0
198,34.75,29.0,6.598666629221089,0.0
199,34.75,29.25,6.467799181147456,0.0
200,34.75,29.5,6.343592894304139,0.0
201,34.75,29.75,6.2402636615607125,0.0
202,34.75,30.0,6.168534327824513,0.0
203,34.75,30.25,6.017439695039313,0.0
204,34.75,30.5,5.93758699394907,0.0
205,34.75,30.75,5.866751230621815,0.0
206,34.75,31.0,5.776419385644857,0.0
207,34.75,31.25,5.740757802960609,0.0
208,34.75,31.5,5.689499354956597,0.0
209,34.75,31.75,5.615089309993563,0.0
210,34.75,32.0,5.550589773202462,0.0
211,34.75,32.25,5.105997877915688,0.070102085971953
212,34.75,32.5,3.964177362631404,0.4217264584255261
213,34.75,32.75,2.990754252596431,0.7071246547540934
214,34.75,33.0,2.863867254526279,0.735614118077915
215,34.75,33.25,3.853618332942879,0.5339752491111348
216,34.75,33.5,4.50738693759626,0.2808966474905773
217,34.75,33.75,5.103804568730096,0.059374666198709
218,34.75,34.0,5.471955577215326,0.0493949613171989
219,34.75,34.25,5.3985203363347765,0.0492881449040941
220,34.75,34.5,5.539866928295124,0.0
221,34.75,34.75,5.62215663959158,0.0
222,34.75,35.0,5.707370763135492,0.0
223,34.5,26.0,7.276155466548276,0.0
224,34.5,26.25,7.425138023821424,0.0
225,34.5,26.5,7.459743568749648,0.0
226,34.5,26.75,7.441222291182429,0.0
227,34.5,27.0,7.333343972720739,0.0
228,34.5,27.25,7.27883617777511,0.0
229,34.5,27.5,7.1860673225919385,0.0
230,34.5,27.75,7.117993504165058,0.0
231,34.5,28.0,7.039846710219165,0.0
232,34.5,28.25,6.96340582341762,0.0
233,34.5,28.5,6.888264675392723,0.0
234,34.5,28.75,6.812554891653042,0.0
235,34.5,29.0,6.691679185424881,0.0
236,34.5,29.25,6.595498515953013,0.0
237,34.5,29.5,6.4822587750376535,0.0
238,34.5,29.75,6.391683229040074,0.0
239,34.5,30.0,6.292334446300128,0.0
240,34.5,30.25,6.155861874752206,0.0
241,34.5,30.5,6.075765472641342,0.0
242,34.5,30.75,6.006635616458436,0.0
243,34.5,31.0,5.931250767412917,0.0
244,34.5,31.25,5.844330736724657,0.0
245,34.5,31.5,5.809400257102271,0.0
246,34.5,31.75,5.793803391782509,0.0
247,34.5,32.0,5.742220009084336,0.0
248,34.5,32.25,5.624349948777172,0.0245219965513557
249,34.5,32.5,5.519558509910017,0.0245219965513557
250,34.5,32.75,4.940768585934453,0.1799246181313231
251,34.5,33.0,4.872857234854654,0.1811453771382357
252,34.5,33.25,5.129230708548251,0.1765522713747272
253,34.5,33.5,5.637022401849479,0.0035249416324599
254,34.5,33.75,5.564237030357254,0.0035249416324599
255,34.5,34.0,5.669515871265651,0.0
256,34.5,34.25,5.567486377298871,0.0
257,34.5,34.5,5.595268293649698,0.0
258,34.5,34.75,5.68072611821423,0.0
259,34.5,35.0,5.58990687119603,0.0
260,34.25,26.0,7.317665873727435,0.0
261,34.25,26.25,7.445365208532991,0.0
262,34.25,26.5,7.481270492237861,0.0
263,34.25,26.75,7.440247487099944,0.0
264,34.25,27.0,7.339680199256891,0.0
265,34.25,27.25,7.249592055300555,0.0
266,34.25,27.5,7.161940921550431,0.0
267,34.25,27.75,7.093542168429389,0.0
268,34.25,28.0,7.060642530645515,0.0
269,34.25,28.25,7.037653401033573,0.0
270,34.25,28.5,6.996142993854414,0.0
271,34.25,28.75,6.929531381551261,0.0
272,34.25,29.0,6.816941510024225,0.0
273,34.25,29.25,6.724416355861675,0.0
274,34.25,29.5,6.650981114981127,0.0
275,34.25,29.75,6.556912521021308,0.0
276,34.25,30.0,6.4419668729616,0.0
277,34.25,30.25,6.31914155856847,0.0
278,34.25,30.5,6.231490424818346,0.0
279,34.25,30.75,6.175357956401909,0.0
280,34.25,31.0,6.134578652284613,0.0
281,34.25,31.25,6.053507446091263,0.0
282,34.25,31.5,6.013459245035832,0.0
283,34.25,31.75,5.9661000133617605,0.0
284,34.25,32.0,5.928326355165461,0.0
285,34.25,32.25,5.962688199073063,0.0
286,34.25,32.5,6.0544822501737485,0.0
287,34.25,32.75,5.997131276654205,0.0
288,34.25,33.0,5.9812907103138215,0.0002288923137960808
289,34.25,33.25,6.006148214417193,9.155692551843232e-05
290,34.25,33.5,5.915328967398992,0.0
291,34.25,33.75,5.829140039772596,0.0
292,34.25,34.0,5.750343376438379,0.0
293,34.25,34.25,5.594049788546592,0.0
294,34.25,34.5,5.481297449672475,0.0
295,34.25,34.75,5.513953386435728,0.0
296,34.25,35.0,5.484465562940551,0.0
297,34.0,26.0,7.302556410448915,0.0
298,34.0,26.25,7.400686688085755,0.0
299,34.0,26.5,7.424163219738939,0.0
300,34.0,26.75,7.352840054370441,0.0
301,34.0,27.0,7.270306642053365,0.0
302,34.0,27.25,7.232939152224767,0.0
303,34.0,27.5,7.177294085849573,0.0
304,34.0,27.75,7.113606885793876,0.0
305,34.0,28.0,7.104102545989646,0.0
306,34.0,28.25,7.105808453133994,0.0
307,34.0,28.5,7.080382313315839,0.0
308,34.0,28.75,7.016695113260143,0.0
309,34.0,29.0,6.922464051953243,0.0
310,34.0,29.25,6.846510567192942,0.0
311,34.0,29.5,6.772994092638852,0.0
312,34.0,29.75,6.702726965026381,0.0
313,34.0,30.0,6.597204423097361,0.0
314,34.0,30.25,6.47787215666647,0.0
315,34.0,30.5,6.371862212696209,0.0
316,34.0,30.75,6.323284475919031,0.0
317,34.0,31.0,6.302569889166222,0.0
318,34.0,31.25,6.254479554430287,0.0
319,34.0,31.5,6.189248914577322,0.0
320,34.0,31.75,6.112889261449318,0.0
321,34.0,32.0,6.074303266517614,0.0
322,34.0,32.25,6.074303266517614,0.0
323,34.0,32.5,6.029868447090999,0.0
324,34.0,32.75,6.116301075738016,0.0
325,34.0,33.0,6.14725110535692,0.0
326,34.0,33.25,6.116544776758637,0.0
327,34.0,33.5,5.992988359303643,0.0
328,34.0,33.75,5.89607658676991,0.0
329,34.0,34.0,5.779100096871691,0.0
330,34.0,34.25,5.589175768134166,0.0
331,34.0,34.5,5.405587665932794,0.0
332,34.0,34.75,5.364320959774256,0.0
333,34.0,35.0,5.149214192239197,0.0
334,33.75,26.0,7.221485204255567,0.0
335,33.75,26.25,7.292808369624064,0.0
336,33.75,26.5,7.284766235943561,0.0
337,33.75,26.75,7.206863143018289,0.0
338,33.75,27.0,7.229527337936069,0.0
339,33.75,27.25,7.209300153224502,0.0
340,33.75,27.5,7.195165494028467,0.0
341,33.75,27.75,7.163403127674159,0.0
342,33.75,28.0,7.153898787869929,0.0
343,33.75,28.25,7.141145101124081,0.0
344,33.75,28.5,7.114094287835118,0.0
345,33.75,28.75,7.049594751044017,0.0
346,33.75,29.0,6.9907815714007455,0.0
347,33.75,29.25,6.914584385619822,0.0
348,33.75,29.5,6.86137632945084,0.0
349,33.75,29.75,6.793058810003338,0.0
350,33.75,30.0,6.692166587466124,0.0
351,33.75,30.25,6.60061623738606,0.0
352,33.75,30.5,6.494443826068718,0.0
353,33.75,30.75,6.455126728075149,0.0
354,33.75,31.0,6.409229702524806,0.0
355,33.75,31.25,6.369668903510617,0.0
356,33.75,31.5,6.333601152458666,0.0
357,33.75,31.75,6.254479554430287,0.0
358,33.75,32.0,6.193879233969127,0.0
359,33.75,32.25,6.129704631872187,0.0
360,33.75,32.5,6.075765472641342,0.0
361,33.75,32.75,6.050095631802566,0.0
362,33.75,33.0,6.0718662563114005,0.0
363,33.75,33.25,6.062849318548413,0.0
364,33.75,33.5,6.035717271585909,0.0
365,33.75,33.75,5.938318097010934,0.0
366,33.75,34.0,5.787142230552194,0.0
367,33.75,34.25,5.615820413055427,0.0
368,33.75,34.5,5.375774907743456,0.0
369,33.75,34.75,5.268383991323008,0.0
370,33.75,35.0,5.052546120726085,0.0
371,33.5,26.0,7.094029570470632,0.0
372,33.5,26.25,7.123354926618728,0.0
373,33.5,26.5,7.087449642913857,0.0
374,33.5,26.75,7.101909236804053,0.0
375,33.5,27.0,7.124329730701212,0.0
376,33.5,27.25,7.180462199117649,0.0
377,33.5,27.5,7.177050384828951,0.0
378,33.5,27.75,7.156823200117384,0.0
379,33.5,28.0,7.16169722052981,0.0
380,33.5,28.25,7.147075159292532,0.0
381,33.5,28.5,7.106539556195858,0.0
382,33.5,28.75,7.039115607157301,0.0
383,33.5,29.0,6.99736149895752,0.0
384,33.5,29.25,6.96145621525265,0.0
385,33.5,29.5,6.914096983578579,0.0
386,33.5,29.75,6.830182598811315,0.0
387,33.5,30.0,6.753985413030391,0.0
388,33.5,30.25,6.673401608878285,0.0
389,33.5,30.5,6.600372536365438,0.0
390,33.5,30.75,6.5728343210352325,0.0
391,33.5,31.0,6.4851831872851085,0.0
392,33.5,31.25,6.446597192353405,0.0
393,33.5,31.5,6.412397815792883,0.0
394,33.5,31.75,6.388515115771997,0.0
395,33.5,32.0,6.3188978575478485,0.0
396,33.5,32.25,6.236608146251393,0.0
397,33.5,32.5,6.163416606391466,0.0
398,33.5,32.75,6.138721569635175,0.0
399,33.5,33.0,6.095261554291045,0.0
400,33.5,33.25,6.066992235898975,0.0
401,33.5,33.5,6.041322395060199,0.0
402,33.5,33.75,5.913866761275265,0.0
403,33.5,34.0,5.753998891747698,0.0
404,33.5,34.25,5.668053665141923,0.0
405,33.5,34.5,5.368707578145439,0.0
406,33.5,34.75,5.247344469876036,0.0
407,33.5,35.0,4.757180483733081,0.1224726473685013
408,33.25,26.0,7.007109539782372,0.0
409,33.25,26.25,6.943909741767917,0.0
410,33.25,26.5,6.92563216522132,0.0
411,33.25,26.75,6.968604778524208,0.0
412,33.25,27.0,7.03131717449742,0.0
413,33.25,27.25,7.086474838831371,0.0
414,33.25,27.5,7.140901400103459,0.0
415,33.25,27.75,7.173151168499011,0.0
416,33.25,28.0,7.174369673602117,0.0
417,33.25,28.25,7.154629890931792,0.0
418,33.25,28.5,7.108001762319585,0.0
419,33.25,28.75,7.033754184703632,0.0
420,33.25,29.0,7.008328044885478,0.0
421,33.25,29.25,6.971772891792284,0.0
422,33.25,29.5,6.92733807236567,0.0
423,33.25,29.75,6.873317679461284,0.0
424,33.25,30.0,6.826689550849077,0.0
425,33.25,30.25,6.760321639566545,0.0
426,33.25,30.5,6.68363705174438,0.0
427,33.25,30.75,6.619218748626818,0.0
428,33.25,31.0,6.54789558325832,0.0
429,33.25,31.25,6.504679268934812,0.0
430,33.25,31.5,6.474216641357151,0.0
431,33.25,31.75,6.454151923992665,0.0
432,33.25,32.0,6.437336553569796,0.0
433,33.25,32.25,6.330351805517049,0.0
434,33.25,32.5,6.233440032983316,0.0
435,33.25,32.75,6.153424864545992,0.0
436,33.25,33.0,6.081857998156874,0.0
437,33.25,33.25,6.050339332823187,0.0
438,33.25,33.5,5.957814178660637,0.0
439,33.25,33.75,5.840918922435958,0.0
440,33.25,34.0,5.714925494774752,0.0
441,33.25,34.25,5.636778700828858,0.0
442,33.25,34.5,5.3648083618154985,0.0
443,33.25,34.75,5.1612367759231805,0.0002288923137960808
444,33.25,35.0,4.611122338707388,0.1526406543268277
445,33.0,26.0,6.904836344794971,0.0
446,33.0,26.25,6.8350566192237405,0.0
447,33.0,26.5,6.850897185564125,0.0
448,33.0,26.75,6.903374138671243,0.0
449,33.0,27.0,6.9683610775035865,0.0
450,33.0,27.25,7.039603009198544,0.0
451,33.0,27.5,7.10312774190716,0.0
452,33.0,27.75,7.119455710288786,0.0
453,33.0,28.0,7.122380122536242,0.0
454,33.0,28.25,7.107270659257722,0.0
455,33.0,28.5,7.087937044955099,0.0
456,33.0,28.75,7.079407509233354,0.0
457,33.0,29.0,7.073314983717822,0.0
458,33.0,29.25,7.049594751044017,0.0
459,33.0,29.5,6.998092602019383,0.0
460,33.0,29.75,6.93513650502555,0.0
461,33.0,30.0,6.878029232526629,0.0
462,33.0,30.25,6.826933251869698,0.0
463,33.0,30.5,6.769094876308912,0.0
464,33.0,30.75,6.703458068088244,0.0
465,33.0,31.0,6.643588850688947,0.0
466,33.0,31.25,6.61190771800818,0.0
467,33.0,31.5,6.582094959818842,0.0
468,33.0,31.75,6.534735728144771,0.0
469,33.0,32.0,6.461219253590682,0.0
470,33.0,32.25,6.313780136114802,0.0
471,33.0,32.5,6.234414837065801,0.0
472,33.0,32.75,6.167072121700785,0.0
473,33.0,33.0,6.0830765032599805,0.0
474,33.0,33.25,6.026944034843544,0.0
475,33.0,33.5,5.891446267378106,0.0
476,33.0,33.75,5.804282535669224,0.0
477,33.0,34.0,5.712975886609781,0.0
478,33.0,34.25,5.521589351748528,0.0
479,33.0,34.5,5.46147643332861,0.0
480,33.0,34.75,5.188531290232765,0.0007477148917339194
481,33.0,35.0,4.1177090056228165,0.329345520577419
482,32.75,26.0,6.776162205906929,0.0
483,32.75,26.25,6.702483264005759,0.0
484,32.75,26.5,6.713206108913096,0.0
485,32.75,26.75,6.766414165082077,0.0
486,32.75,27.0,6.8455357631104565,0.0
487,32.75,27.25,6.940497927479219,0.0
488,32.75,27.5,7.032291978579905,0.0
489,32.75,27.75,7.088180745975721,0.0
490,32.75,28.0,7.124573431721833,0.0
491,32.75,28.25,7.127254142948668,0.0
492,32.75,28.5,7.092811065367526,0.0
493,32.75,28.75,7.059911427583652,0.0
494,32.75,29.0,7.041796318384135,0.0
495,32.75,29.25,7.033023081641769,0.0
496,32.75,29.5,7.02376244285816,0.0
497,32.75,29.75,7.009059147947342,0.0
498,32.75,30.0,6.952439277489662,0.0
499,32.75,30.25,6.892407592743284,0.0
500,32.75,30.5,6.822059231457272,0.0
501,32.75,30.75,6.741312959958084,0.0
502,32.75,31.0,6.660972856826599,0.0
503,32.75,31.25,6.6155632333174985,0.0
504,32.75,31.5,6.580632753695114,0.0
505,32.75,31.75,6.531811315897316,0.0
506,32.75,32.0,6.4419668729616,0.0
507,32.75,32.25,6.341399585118547,0.0
508,32.75,32.5,6.261059481987062,0.0
509,32.75,32.75,6.147982208418783,0.0
510,32.75,33.0,5.9946942664479925,0.0
511,32.75,33.25,5.952940158248211,0.0
512,32.75,33.5,5.798677412194935,0.0
513,32.75,33.75,5.684625334544171,0.0
514,32.75,34.0,5.583814345680497,0.0
515,32.75,34.25,5.4412492486170425,0.0
516,32.75,34.5,5.441492949637664,0.0
517,32.75,34.75,5.0464535952105525,0.1472845741839989
518,32.75,35.0,3.8889549809329655,0.5265438786565547
519,32.5,26.0,6.5691788057259135,0.0
520,32.5,26.25,6.538147542433469,0.0
521,32.5,26.5,6.585019372066297,0.0
522,32.5,26.75,6.636277820070308,0.0
523,32.5,27.0,6.71028169666564,0.0
524,32.5,27.25,6.802563149807568,0.0
525,32.5,27.5,6.939279422376113,0.0
526,32.5,27.75,6.994193385689443,0.0
527,32.5,28.0,7.0208380306107045,0.0
528,32.5,28.25,7.020106927548841,0.0
529,32.5,28.5,7.000529612225597,0.0
530,32.5,28.75,7.00686583876175,0.0
531,32.5,29.0,7.021569133672568,0.0
532,32.5,29.25,7.016695113260143,0.0
533,32.5,29.5,6.989075664256396,0.0
534,32.5,29.75,6.935867608087415,0.0
535,32.5,30.0,6.895819407031983,0.0
536,32.5,30.25,6.848947577399154,0.0
537,32.5,30.5,6.790621799797126,0.0
538,32.5,30.75,6.7444810732261615,0.0
539,32.5,31.0,6.700046253799546,0.0
540,32.5,31.25,6.648787805795535,0.0
541,32.5,31.5,6.590868196561209,0.0
542,32.5,31.75,6.52328178017557,0.0
543,32.5,32.0,6.421658454576493,0.0
544,32.5,32.25,6.293796652423856,0.0
545,32.5,32.5,6.221986085014116,0.0
546,32.5,32.75,6.126780219624732,0.0
547,32.5,33.0,5.988845441953082,0.0
548,32.5,33.25,5.870894147972377,0.0
549,32.5,33.5,5.715900298857236,0.0
550,32.5,33.75,5.577721820164965,0.0
551,32.5,34.0,5.486658872126143,0.0
552,32.5,34.25,5.46903116496787,0.0
553,32.5,34.5,5.037924059488808,0.0
554,32.5,34.75,4.06157653720638,0.2988418048921917
555,32.5,35.0,3.005944949548492,0.6881876306593624
556,32.25,26.0,6.406792692318594,0.0
557,32.25,26.25,6.385590703524541,0.0
558,32.25,26.5,6.382909992297707,0.0
559,32.25,26.75,6.439773563776008,0.0
560,32.25,27.0,6.522550677113706,0.0
561,32.25,27.25,6.645538458853918,0.0
562,32.25,27.5,6.7923277069414745,0.0
563,32.25,27.75,6.871124370275692,0.0
564,32.25,28.0,6.925388464200699,0.0
565,32.25,28.25,6.934405401963687,0.0
566,32.25,28.5,6.951464473407177,0.0
567,32.25,28.75,6.953901483613389,0.0
568,32.25,29.0,6.935623907066793,0.0
569,32.25,29.25,6.905567447856834,0.0
570,32.25,29.5,6.881928448856569,0.0
571,32.25,29.75,6.851384587605367,0.0
572,32.25,30.0,6.799395036539492,0.0
573,32.25,30.25,6.736845107913361,0.0
574,32.25,30.5,6.663653568053434,0.0
575,32.25,30.75,6.620680954750546,0.0
576,32.25,31.0,6.568691403684671,0.0
577,32.25,31.25,6.547408181217078,0.0
578,32.25,31.5,6.492250516883126,0.0
579,32.25,31.75,6.442210573982221,0.0
580,32.25,32.0,6.409717104566049,0.0
581,32.25,32.25,6.296721064671312,0.0
582,32.25,32.5,6.2000529931582,0.0
583,32.25,32.75,6.091849740002346,0.0
584,32.25,33.0,5.913623060254643,0.0
585,32.25,33.25,5.744657019290549,0.0
586,32.25,33.5,5.623862546735929,0.0
587,32.25,33.75,5.425814850644361,0.0
588,32.25,34.0,5.290317083178923,0.0
589,32.25,34.25,5.335239304646781,0.0
590,32.25,34.5,4.716401179615786,0.0
591,32.25,34.75,3.738104049168387,0.3960600003051897
592,32.25,35.0,2.908789475994137,0.7954465689042163
593,32.0,26.0,6.128242425748459,0.0
594,32.0,26.25,6.262277987090169,0.0
595,32.0,26.5,6.23417113604518,0.0
596,32.0,26.75,6.291115941197021,0.0
597,32.0,27.0,6.403380878029896,0.0
598,32.0,27.25,6.535954233247877,0.0
599,32.0,27.5,6.648787805795535,0.0
600,32.0,27.75,6.717105325243036,0.0
601,32.0,28.0,6.769338577329533,0.0
602,32.0,28.25,6.798663933477628,0.0
603,32.0,28.5,6.824983643704727,0.0
604,32.0,28.75,6.843829855966107,0.0
605,32.0,29.0,6.85187198964661,0.0
606,32.0,29.25,6.82181553043665,0.0
607,32.0,29.5,6.774943700803823,0.0
608,32.0,29.75,6.683880752765001,0.0
609,32.0,30.0,6.63481561394658,0.0
610,32.0,30.25,6.633353407822853,0.0
611,32.0,30.5,6.575027630220824,0.0
612,32.0,30.75,6.597204423097361,0.0
613,32.0,31.0,6.514508543433204,0.0
614,32.0,31.25,6.543752665907759,0.0
615,32.0,31.5,6.533029821000422,0.0
616,32.0,31.75,6.4717796311509375,0.0
617,32.0,32.0,6.334819657561773,0.0
618,32.0,32.25,6.205414415611868,0.0
619,32.0,32.5,6.117763281861744,0.0
620,32.0,32.75,5.999324585839797,0.0
621,32.0,33.0,5.813299473432212,0.0
622,32.0,33.25,5.6448208345093605,0.0
623,32.0,33.5,5.517608901745047,0.0
624,32.0,33.75,5.323785356677581,0.0
625,32.0,34.0,5.180732857572884,0.0
626,32.0,34.25,5.2090834096384935,0.0
627,32.0,34.5,4.33184096907539,0.0563990661193597
628,32.0,34.75,3.505450808148596,0.5955472815222864
629,32.0,35.0,2.695144914582806,0.9971922542841012
630,31.75,26.0,5.703471546805551,0.2078342209268612
631,31.75,26.25,5.959520085804986,0.1383425144583644
632,31.75,26.5,6.042297199142684,0.0649138601925747
633,31.75,26.75,6.113376663490561,0.0019684738986464
634,31.75,27.0,6.225641600323435,0.0019684738986464
635,31.75,27.25,6.357971254520796,0.0
636,31.75,27.5,6.499805248522386,0.0
637,31.75,27.75,6.562355177148517,0.0
638,31.75,28.0,6.604109285348298,0.0
639,31.75,28.25,6.633840809864096,0.0
640,31.75,28.5,6.689973278280533,0.0
641,31.75,28.75,6.678031928270089,0.0
642,31.75,29.0,6.680956340517545,0.0
643,31.75,29.25,6.648462871101373,0.0
644,31.75,29.5,6.598179227179847,0.0
645,31.75,29.75,6.558131026124415,0.0
646,31.75,30.0,6.54789558325832,0.0
647,31.75,30.25,6.520601068948736,0.0004730441151786224
648,31.75,30.5,6.351635027984642,0.0254986037568858
649,31.75,30.75,6.393389136184423,0.039644148749485
650,31.75,31.0,6.358458656562038,0.1240138556147284
651,31.75,31.25,6.346761007572216,0.0847359345673172
652,31.75,31.5,6.336038162664879,0.0847511940549036
653,31.75,31.75,6.354559440232097,0.0087131674118383
654,31.75,32.0,6.31353643509418,0.0096592556421955
655,31.75,32.25,6.172433544154453,0.0040285047228114
656,31.75,32.5,6.005904513396572,0.0
657,31.75,32.75,5.887059649006923,0.0
658,31.75,33.0,5.732715669280106,0.0
659,31.75,33.25,5.563749628316011,0.0
660,31.75,33.5,5.426545953706225,0.0
661,31.75,33.75,5.360421743444315,0.0
662,31.75,34.0,5.232478707618138,0.0
663,31.75,34.25,4.846781225648176,0.022278851876154
664,31.75,34.5,3.451755349938371,0.4017517891749195
665,31.75,34.75,2.7556640013704263,0.875406283856988
666,31.75,35.0,2.757613609535397,0.9978178932751438
667,31.5,26.0,5.105997877915688,0.6536401507637374
668,31.5,26.25,5.365783165897983,0.5679123495033037
669,31.5,26.5,5.507617159899574,0.4803534097325012
670,31.5,26.75,5.5723603977112965,0.4144629423343964
671,31.5,27.0,5.692911169245295,0.2984297987273587
672,31.5,27.25,5.827677833648869,0.2856728671051226
673,31.5,27.5,6.166828420680163,0.064623929928433
674,31.5,27.75,6.369425202489996,0.0126195962339584
675,31.5,28.0,6.411423011710398,0.0126348557215448
676,31.5,28.25,6.462925160735031,0.0
677,31.5,28.5,6.528155800587996,0.0
678,31.5,28.75,6.52328178017557,0.0
679,31.5,29.0,6.514995945474446,0.0
680,31.5,29.25,6.482502476058275,0.0
681,31.5,29.5,6.405574187215487,0.0004272656524194063
682,31.5,29.75,6.396313548431879,0.0009613477179436504
683,31.5,30.0,6.282505171801736,0.0443745899012711
684,31.5,30.25,5.391453006736759,0.3341217401919644
685,31.5,30.5,5.222243264752043,0.3591625593212579
686,31.5,30.75,5.165867095314985,0.4191018265606641
687,31.5,31.0,5.189018692274008,0.5476477499885554
688,31.5,31.25,5.142146862641179,0.5015183190148474
689,31.5,31.5,5.179758053490398,0.4861520150153358
690,31.5,31.75,5.2026659494288,0.4041627882135717
691,31.5,32.0,5.89047146329562,0.1613080432759068
692,31.5,32.25,6.159761091082146,0.0435353180840187
693,31.5,32.5,5.986895833788111,0.0395068133612073
694,31.5,32.75,5.7788563958510695,0.0016022461965727
695,31.5,33.0,5.633366886540159,0.0019226954358872
696,31.5,33.25,5.468300061906006,0.0022584041627882
697,31.5,33.5,5.330365284234356,0.0
698,31.5,33.75,5.263997372951824,0.0
699,31.5,34.0,4.825498003180583,0.1433628858742923
700,31.5,34.25,4.146546959729669,0.2565119863274991
701,31.5,34.5,2.802048428962012,0.7417789510628233
702,31.5,34.75,2.880195222907906,0.8771153464666657
703,31.5,35.0,2.8819011300522543,0.9998626646117224
704,31.25,26.0,4.678789988766567,1.0
705,31.25,26.25,4.793004533764411,0.9999847405124136
706,31.25,26.5,4.839632662376618,0.999511696397235
707,31.25,26.75,4.856772967493649,0.9891352448384784
708,31.25,27.0,4.977567440048269,0.8727816519921261
709,31.25,27.25,5.092350620760896,0.7851464147833915
710,31.25,27.5,5.534505505841456,0.3840050051119283
711,31.25,27.75,5.817198689762153,0.3216852578090428
712,31.25,28.0,5.904118720450413,0.219751880731845
713,31.25,28.25,5.956108271516288,0.2044008362199197
714,31.25,28.5,6.066992235898975,0.1431950315108418
715,31.25,28.75,6.251555142182832,0.041933071887446
716,31.25,29.0,6.241482166663818,0.0419483313750324
717,31.25,29.25,6.198834488055093,0.0162208353043504
718,31.25,29.5,6.109233746139998,0.0166481009567698
719,31.25,29.75,5.625081051839036,0.1712267102070712
720,31.25,30.0,5.048646904396144,0.4222910594662231
721,31.25,30.25,4.018847624924113,0.7752430073398136
722,31.25,30.5,3.741515863457085,0.8592159675278104
723,31.25,30.75,3.5894464265894,0.9227106953748492
724,31.25,31.0,3.5965137561874174,0.9846336960004882
725,31.25,31.25,3.5283587040869966,0.9916835792654084
726,31.25,31.5,3.5723061214723693,0.9788045717424808
727,31.25,31.75,3.692938126679908,0.9575175865594434
728,31.25,32.0,4.760348597001158,0.5405673477484626
729,31.25,32.25,5.408024676139007,0.3494422657287168
730,31.25,32.5,5.571629294649433,0.2175239955442296
731,31.25,32.75,5.360909145485557,0.1772084293409427
732,31.25,33.0,5.226629883123227,0.2218576900187691
733,31.25,33.25,5.0735856421730565,0.2184243053118276
734,31.25,33.5,4.945642606346879,0.2147162498283307
735,31.25,33.75,4.850436740957496,0.2930126806341843
736,31.25,34.0,4.39236005586301,0.4379472937298765
737,31.25,34.25,3.6018751786410856,0.6981673355408725
738,31.25,34.5,3.165569118055436,0.918834785527902
739,31.25,34.75,3.312845768184236,0.9998779240993088
740,31.25,35.0,2.9658967484930594,0.997375368135138
741,31.0,26.0,4.686101019385205,1.0
742,31.0,26.25,4.644590612206046,1.0
743,31.0,26.5,4.675865576519112,1.0
744,31.0,26.75,4.693412050003844,1.0
745,31.0,27.0,4.7012104826637255,1.0
746,31.0,27.25,4.71152715920336,0.9998321456365497
747,31.0,27.5,4.788617915393228,0.9991454686951612
748,31.0,27.75,4.855310761369921,0.9585857506904918
749,31.0,28.0,4.9544158430892455,0.8139258083713549
750,31.0,28.25,5.007380198237606,0.7280148932598843
751,31.0,28.5,5.128499605486387,0.6188637785543162
752,31.0,28.75,5.559363009944828,0.3036485434819098
753,31.0,29.0,5.753511489706455,0.2038820136419818
754,31.0,29.25,5.705421154970521,0.1736529687333099
755,31.0,29.5,5.286417866848983,0.2350876657561839
756,31.0,29.75,4.0347694249380375,0.6750644713350525
757,31.0,30.0,3.477100256082985,0.9762714968031374
758,31.0,30.25,3.358742793734579,0.9987487220179146
759,31.0,30.5,3.32868633452462,0.9927670028840432
760,31.0,30.75,3.358499092713957,0.980116887674912
761,31.0,31.0,3.3049661018508143,0.9971617353089284
762,31.0,31.25,3.2740160722319103,0.9976500389116932
763,31.0,31.5,3.2415226028157385,0.9978941907130758
764,31.0,31.75,3.2930247518403712,0.9881128591701892
765,31.0,32.0,3.5329890234788013,0.9564646819159812
766,31.0,32.25,4.108204665818586,0.9251216944135016
767,31.0,32.5,4.410962567103769,0.7335998657165093
768,31.0,32.75,4.555477272332194,0.6842354233744831
769,31.0,33.0,4.4422375314168345,0.7811331695481666
770,31.0,33.25,4.261086439421676,0.7655990111852045
771,31.0,33.5,4.113322387251634,0.8183663192589993
772,31.0,33.75,4.027133459625237,0.920482810187234
773,31.0,34.0,3.881643950314327,0.9723498084934308
774,31.0,34.25,3.551104132678317,1.0
775,31.0,34.5,3.679047168504495,0.9999847405124136
776,31.0,34.75,3.51763585917966,0.9999542215372408
777,31.0,35.0,3.042581336315225,0.9968870645323732
