,latitude,longitude,Wind_Speed,Land_Sea_Mask,distance_to_nearest_seaport,distance_to_nearest_transmittor,sosaline,sea_height,wave_height
0,36.0,26.0,7.338949096195028,0.0,160.45532272084503,360.2948578162311,39.29267,-0.5687698,0.17400001
1,36.0,26.25,7.329444756390798,0.0008392718172524,145.5109949757588,338.4891072046025,39.287334,-0.561336,0.18400002
2,36.0,26.5,7.301337905345809,0.0003967466772465,132.66239059924646,316.7634203381858,39.276382,-0.5551075,0.21200001
3,36.0,26.75,7.3149851625006015,0.0034944226572871,122.57045052867537,295.13564039740317,39.269196,-0.5536122,0.231
4,36.0,27.0,7.058692922480544,0.005401858605588,115.95724819991672,273.629146172974,39.26807,-0.55476594,0.24100001
5,36.0,27.25,7.038384504095437,0.0139013931912166,100.97563390216501,252.27512081659634,39.255665,-0.55150354,0.23600002
6,36.0,27.5,6.8311574028938,0.0419025529122731,83.18291524329268,231.11599309959215,39.23777,-0.5384691,0.24100001
7,36.0,27.75,5.785923725449087,0.2631956418903453,68.1749159978796,210.21078744436866,39.23777,-0.5384691,0.238
8,36.0,28.0,4.519571988627324,0.3779775075152976,58.14945496783391,189.64365798568946,39.22542,-0.53714925,0.20300001
9,36.0,28.25,4.944424101243773,0.1570201272641264,55.85718972916963,169.53785086918467,39.21764,-0.572964,0.25
10,36.0,28.5,5.659524129420178,0.0,62.15963726693766,150.0790494280896,39.218,-0.62460124,0.26000002
11,36.0,28.75,5.756923303995154,0.0,52.11892726912792,130.04677280107404,39.230873,-0.64521885,0.277
12,36.0,29.0,5.626543257962764,0.0,43.019058781012845,108.61909630376235,39.210835,-0.61547214,0.32000002
13,36.0,29.25,5.313062511770244,0.0056307509193841,44.6270597720387,87.7009904219179,39.198353,-0.5764384,0.35900003
14,36.0,29.5,5.260098156621884,0.0263989135244838,56.0284461738146,67.76619551901938,39.189255,-0.55217886,0.37100002
15,36.0,29.75,5.0562016360354045,0.0863686997390627,72.75622826181292,50.00509201137738,39.185486,-0.5497377,0.377
16,36.0,30.0,4.845562720545069,0.0233775349823752,71.02359727512525,37.63287793058361,39.184998,-0.5534106,0.354
17,36.0,30.25,4.820380281747536,0.0120549951932614,60.80976927185846,36.59832324835499,39.173317,-0.5488105,0.34600002
18,36.0,30.5,5.222243264752043,0.0006561579662154,57.932479907435635,47.64578707327641,39.166805,-0.55466413,0.395
19,36.0,30.75,5.383085938362095,0.0,63.39862942810324,64.87124645354966,39.17341,-0.57811856,0.432
20,36.0,31.0,5.492020294579811,0.0,75.41528742368946,84.5807140544655,39.18396,-0.60047144,0.423
21,36.0,31.25,5.460257928225503,0.0,91.43521865181108,86.56394327944577,39.177227,-0.6117645,0.39200002
22,36.0,31.5,5.347992991392629,0.0,109.718591444641,74.33288496683218,39.182686,-0.61365145,0.39900002
23,36.0,31.75,5.028663420705199,0.0,121.76859827550494,64.83419686861329,39.173183,-0.5977995,0.418
24,36.0,32.0,4.820136580726915,0.0,111.13624091093018,62.3371995268925,39.136906,-0.5658267,0.40800002
25,36.0,32.25,4.557914282538407,0.0478842720461447,104.39447494033803,67.62203774037346,39.137676,-0.49419048,0.409
26,36.0,32.5,3.5759616367816887,0.3622602353012986,102.30333356552224,79.14486170891043,39.141342,-0.5025002,0.395
27,36.0,32.75,3.4878231009903224,0.4176674347275418,104.96925405994374,84.43606032339952,39.136517,-0.49666947,0.437
28,36.0,33.0,3.5994381684348733,0.3281705400332657,112.22475193713831,76.081491401898,39.12082,-0.48160997,0.509
29,36.0,33.25,5.267165486219901,0.2012268628019471,107.14797854520513,73.94169912697512,39.125988,-0.4892138,0.39400002
30,36.0,33.5,5.498112820095344,0.186486197793478,93.91401083411232,67.89924875032045,39.1164,-0.48730013,0.303
31,36.0,33.75,5.978366298066366,0.0654326827705125,76.3114109611655,67.52086592050306,39.11776,-0.49032864,0.272
32,36.0,34.0,5.831577049978809,0.0003967466772465,61.90732762501012,71.36380096906397,39.116726,-0.50270593,0.256
33,36.0,34.25,5.695835581492751,0.0001678543634504,53.35833568960634,72.99065382058814,39.11565,-0.5206267,0.273
34,36.0,34.5,5.560581515047934,0.0,53.546450113018565,81.13079223690147,39.111107,-0.52350247,0.37
35,36.0,34.75,5.426058551664982,0.0001068164131048,62.392692491320254,91.45519284302223,39.080223,-0.50349116,0.39600003
36,36.0,35.0,5.384304443465201,0.0,76.96741151096147,88.0981927268934,39.070618,-0.48201725,0.349
37,35.75,26.0,7.233913956307252,0.0,181.28864002434662,367.91439419924,39.288605,-0.5808887,0.19800001
38,35.75,26.25,7.19004777259542,0.0003814871896601,168.1621965174345,346.51837749819686,39.28325,-0.57334936,0.23500001
39,35.75,26.5,7.268357033888394,0.0004425251400058,157.14001263221104,325.259680262006,39.27277,-0.5730647,0.25
40,35.75,26.75,7.304018616572643,0.0037538339462561,148.6908629550955,304.1672525758088,39.269104,-0.5809971,0.24800001
41,35.75,27.0,7.309380039026312,0.0623960447408176,135.56496498458057,283.2783933567958,39.268066,-0.5849976,0.25100002
42,35.75,27.25,7.205400936894561,0.0576045656386858,118.66969118042581,262.6418342573774,39.243443,-0.55699193,0.083000004
43,35.75,27.5,7.070390571470367,0.0573756733248897,103.90094153575905,242.32219750416166,39.23176,-0.5469365,0.21300001
44,35.75,27.75,6.91239107643423,0.0292982161659011,92.28548979476088,222.4065181876635,39.230164,-0.5427999,0.24700001
45,35.75,28.0,6.029381045049756,0.0029450811041765,85.12419520494007,202.86343860960113,39.22527,-0.5613781,0.284
46,35.75,28.25,6.09623635837353,0.0,83.57012030308009,181.6361958356278,39.223473,-0.59971005,0.344
47,35.75,28.5,5.89217737043997,0.0,87.86172909759978,160.74926323195277,39.22797,-0.6507512,0.36
48,35.75,28.75,5.906799431677247,0.0,76.42856610750849,140.35482119515447,39.248547,-0.6778024,0.38000003
49,35.75,29.0,5.905824627594762,0.0,70.51833194262511,120.70293582122561,39.229992,-0.66034627,0.39200002
50,35.75,29.25,5.899000999017366,0.0,71.51375699065144,102.22293326742654,39.217144,-0.6246471,0.418
51,35.75,29.5,5.861633509188768,0.0,79.1547325255142,85.67666594932864,39.206646,-0.59477246,0.41400003
52,35.75,29.75,5.767889849923112,0.0,91.79646109842135,72.40240471460622,39.20245,-0.5856403,0.43500003
53,35.75,30.0,5.588688366092923,0.0,95.0644317572789,64.45458302065528,39.20839,-0.5869603,0.45100003
54,35.75,30.25,5.550589773202462,0.0,87.67237240715556,63.85415762884485,39.199013,-0.5812207,0.46500003
55,35.75,30.5,5.565211834439739,0.0,85.69541189176653,70.78834111921734,39.1825,-0.5786864,0.49
56,35.75,30.75,5.666835160038817,0.0,89.49315427413914,83.39840823867964,39.185528,-0.589477,0.48800004
57,35.75,31.0,5.691692664142188,0.0,98.3992053142825,99.55027077286077,39.19621,-0.6055307,0.47800002
58,35.75,31.25,5.664641850853226,0.0,111.19275773971354,109.97850852452561,39.194717,-0.61846846,0.441
59,35.75,31.5,5.5723603977112965,0.0,115.91828597465324,98.80093810028764,39.208466,-0.62570995,0.38200003
60,35.75,31.75,5.563993329336633,0.0,99.63170878047913,91.84508470252969,39.204224,-0.6156582,0.37100002
61,35.75,32.0,5.54084173237761,0.0,86.26919055241632,90.09419386968965,39.146015,-0.58839,0.372
62,35.75,32.25,5.700465900884555,0.0,77.36118172994394,91.0465643052137,39.13228,-0.560445,0.37800002
63,35.75,32.5,5.852616571425781,0.0,74.50611199147883,76.31911621908523,39.144493,-0.5388074,0.41400003
64,35.75,32.75,5.913379359234022,0.0,78.13749576399204,61.669445531861896,39.149582,-0.5286498,0.45900002
65,35.75,33.0,5.908261637800975,0.0002441518013824,87.67136173440043,49.57666181846209,39.14799,-0.5317173,0.446
66,35.75,33.25,6.238314053395742,0.0,80.6630304018592,46.214897200775596,39.16069,-0.538044,0.42000002
67,35.75,33.5,6.356509048397068,0.0,75.80781267610124,49.93303160970751,39.155533,-0.53644425,0.349
68,35.75,33.75,6.244731513605436,0.0457021653212885,77.54834765921,49.65739403800016,39.15178,-0.53063214,0.29500002
69,35.75,34.0,5.996643874612962,0.0527978270489676,85.4826769189343,43.732195477108945,39.13462,-0.52727485,0.26700002
70,35.75,34.25,5.736371184589425,0.0589931790090488,80.78281121588896,46.34746541353478,39.136475,-0.5320305,0.259
71,35.75,34.5,5.647257844715573,0.0038148718966017,80.9075817569213,58.36613949933815,39.15728,-0.5371202,0.289
72,35.75,34.75,5.517121499703804,0.0039827262600521,87.0340145850475,75.41918117246286,39.096394,-0.5225706,0.319
73,35.75,35.0,5.479835243548747,0.0,98.04338076197786,94.82833336490918,39.087147,-0.498438,0.291
74,35.5,26.0,6.871124370275692,0.0412616544336441,203.7906008493719,377.43026236802496,39.2867,-0.58720285,0.24900001
75,35.5,26.25,7.198333607296544,0.027268704316909,192.1692844303061,356.53789754214904,39.286602,-0.582651,0.324
76,35.5,26.5,7.254709776733602,0.0272839638044954,182.5709092345348,335.8467060129572,39.27569,-0.5869363,0.358
77,35.5,26.75,7.309867441067555,0.0175484107243678,170.71500103095434,315.3964338047972,39.272324,-0.5990983,0.307
78,35.5,27.0,7.483220100402832,0.1544870523247829,154.34789826763867,295.2372979208836,39.272324,-0.5990983,0.26200002
79,35.5,27.25,7.27883617777511,0.0747257107106343,139.6938149073314,275.43337902810833,39.290287,-0.59638625,0.172
80,35.5,27.5,7.178268889932058,0.0381181999908443,127.34561082555379,254.8916109796366,39.261883,-0.58173037,0.319
81,35.5,27.75,7.057230716356817,0.0,118.02933284620687,233.99784082899964,39.23119,-0.56892896,0.312
82,35.5,28.0,6.799638737560113,0.0,112.5008151454345,213.43336253447157,39.22866,-0.5751902,0.312
83,35.5,28.25,6.500048949543007,0.0,111.32584142662053,193.30345529915712,39.228554,-0.6021482,0.34100002
84,35.5,28.5,6.210532137044915,0.0,111.33764966139533,173.75937362011183,39.231613,-0.64060795,0.38200003
85,35.5,28.75,6.041078694039578,0.0,102.5270503777257,155.0229967209115,39.241833,-0.67121404,0.407
86,35.5,29.0,6.091118636940482,0.0,98.1863992693745,137.42523407033303,39.241375,-0.6831748,0.41700003
87,35.5,29.25,6.055457054256234,0.0,98.90599968489737,121.46213390477247,39.221188,-0.67493266,0.42000002
88,35.5,29.5,6.002980101149117,0.0,104.58144407797478,107.86204903176505,39.212967,-0.6518914,0.453
89,35.5,29.75,5.910211245965945,0.0,114.47797360909766,97.6177767239956,39.21049,-0.628498,0.48400003
90,35.5,30.0,5.7483937682734085,0.0,120.72969194215749,91.85907626856114,39.205383,-0.6168008,0.508
91,35.5,30.25,5.612164897746108,0.0,114.98085154470091,91.43745101830385,39.20523,-0.6111852,0.517
92,35.5,30.5,5.593318685484728,0.0,113.47587326004287,96.42294076679154,39.20564,-0.60512525,0.523
93,35.5,30.75,5.630929876333947,0.0,116.37952375677,106.05570202084556,39.211536,-0.6032394,0.507
94,35.5,31.0,5.715656597836615,0.0,123.38091847006123,119.21442844528805,39.207382,-0.60635877,0.48800004
95,35.5,31.25,5.721505422331527,0.0,121.01043600795012,133.7325753238135,39.209385,-0.6168376,0.46600002
96,35.5,31.5,5.761066221345716,0.0,100.46075431734775,116.81609067535445,39.22556,-0.6241432,0.425
97,35.5,31.75,5.8081817519991645,0.0,81.06075633783244,101.5415117443935,39.211414,-0.6152904,0.38900003
98,35.5,32.0,5.758629211139503,0.0,63.86702734258304,89.49223791719177,39.15569,-0.5912786,0.38200003
99,35.5,32.25,5.831333348958188,4.577846275921616e-05,51.15497906573618,74.66294048542369,39.133743,-0.57012326,0.38000003
100,35.5,32.5,6.051801538946915,4.577846275921616e-05,46.71068767403059,55.69554645138726,39.12625,-0.555262,0.41000003
101,35.5,32.75,5.687062344750384,0.1274014618589107,52.32517605893077,40.71612697888396,39.1339,-0.5443279,0.44900003
102,35.5,33.0,5.481297449672475,0.1278287275113301,65.75448285928523,25.93900714192917,39.15733,-0.5425608,0.41400003
103,35.5,33.25,5.343118970980203,0.1274014618589107,55.47872116348633,18.702869207988872,39.163982,-0.54688436,0.344
104,35.5,33.5,5.124844090177068,0.1690751224573878,48.122968908006015,23.55298714490106,39.15865,-0.5422596,0.30100003
105,35.5,33.75,4.957583956357323,0.2159980467855889,50.82886997179764,27.35700076218399,39.14807,-0.5336268,0.21900001
106,35.5,34.0,5.43320711493654,0.2143195031510841,62.29886402832738,16.666020616090194,39.14807,-0.5336268,0.172
107,35.5,34.25,5.571385593628811,0.2362321273251644,78.79425869351489,22.67322297531755,39.06465,-0.5186682,0.202
108,35.5,34.5,5.504449046631497,0.1133322143042436,97.8044961557062,42.148860771039416,39.122322,-0.5281881,0.28100002
109,35.5,34.75,5.479835243548747,0.0095219202539179,113.14820202587035,63.75815585660716,39.06834,-0.51311994,0.28
110,35.5,35.0,5.433938217998404,0.0,121.84631824382888,85.90569433134375,39.06,-0.49364856,0.24700001
111,35.25,26.0,6.032305457297212,0.2364610196389605,227.46653501928765,388.70321446670533,39.282307,-0.59067357,0.12900001
112,35.25,26.25,7.017913618363249,0.1777119924312941,217.08288341696283,368.38530768872937,39.289474,-0.58873165,0.216
113,35.25,26.5,7.26372671449659,0.075992248180306,206.16168484839937,348.3339136367722,39.285194,-0.59575146,0.37800002
114,35.25,26.75,7.298169792077733,0.0066531365876734,190.1343793722952,328.35266794521254,39.294674,-0.60514367,0.335
115,35.25,27.0,7.416121086058437,0.0247508888651519,175.5394058758989,307.43948126343787,39.313675,-0.6044317,0.29700002
116,35.25,27.25,7.332369168638253,0.0066531365876734,162.76264188279032,286.773604379155,39.31247,-0.59724456,0.277
117,35.25,27.5,7.190535174636663,0.0,152.2625831231744,266.41274584943244,39.296703,-0.58807695,0.3
118,35.25,27.75,7.022543937755053,0.0,144.53634327274096,246.4326702550937,39.248287,-0.5766099,0.32900003
119,35.25,28.0,6.7915966038796105,0.0,140.04382710479027,226.9341234200309,39.227528,-0.5751629,0.35500002
120,35.25,28.25,6.613613625152529,0.0,139.09874021730877,208.0526795800053,39.228634,-0.59188825,0.37500003
121,35.25,28.5,6.463168861755652,0.0,136.44766240461658,189.97257113538828,39.23146,-0.6213232,0.39000002
122,35.25,28.75,6.333113750417423,0.0,129.33597181319703,172.9454369052371,39.234962,-0.6534084,0.416
123,35.25,29.0,6.212238044189264,0.0,125.91203676738229,157.3136891895991,39.23938,-0.67888707,0.42400002
124,35.25,29.25,6.134334951263991,0.0,126.47573865382334,143.53407044407123,39.21874,-0.68624854,0.41200003
125,35.25,29.5,6.09063123489924,0.0,130.97559724090337,132.18717355608928,39.206844,-0.67315406,0.41700003
126,35.25,29.75,6.020120406266146,0.0,139.02991499384476,123.94303368335204,39.205482,-0.6497008,0.43800002
127,35.25,30.0,5.8672386326630575,0.0,147.1719686695473,119.44590140682648,39.20369,-0.63167334,0.47700003
128,35.25,30.25,5.723942432537739,0.0,142.47905829977117,119.12094388162332,39.203087,-0.6205084,0.49400002
129,35.25,30.5,5.680969819234852,0.0,141.26352256228776,123.00123506860905,39.206154,-0.6111094,0.49500003
130,35.25,30.75,5.702253041702444,0.0,143.61369320733348,130.7127802398119,39.21197,-0.60674125,0.492
131,35.25,31.0,5.733934174383212,0.0,135.85440661344765,140.6095112210122,39.21349,-0.60658723,0.47700003
132,35.25,31.25,5.741732607043093,0.0,113.39473326078516,119.80024248867917,39.21166,-0.6058158,0.47100002
133,35.25,31.5,5.749612273376515,0.0,91.06654336680482,99.84891961445739,39.195786,-0.60112435,0.45600003
134,35.25,31.75,5.703958948846793,0.0,68.9978115483614,81.38911511925316,39.14158,-0.5869066,0.42000002
135,35.25,32.0,5.573578902814403,0.0,47.55140243612543,65.69066148759546,39.10197,-0.55906075,0.39900002
136,35.25,32.25,5.519314808889396,0.0001983733386232,28.185895975485405,55.16381115310002,39.106052,-0.53632754,0.40600002
137,35.25,32.5,4.876269049143352,0.1314147070941357,18.924981249686873,43.87363094068844,39.108635,-0.53128695,0.381
138,35.25,32.75,3.9766061146830896,0.3448033815024491,30.26403334202986,21.822707777070924,39.117313,-0.523493,0.349
139,35.25,33.0,2.880195222907906,0.7296781774068026,50.06543709428652,7.689643042451987,39.128098,-0.5318049,0.30800003
140,35.25,33.25,2.583042445097013,0.8254619809866784,34.56560995612415,10.455460285740738,39.13919,-0.5344778,0.208
141,35.25,33.5,2.5210611521856645,0.9013321532662932,20.74498483466944,12.716770999057935,39.14922,-0.53067493,0.23700002
142,35.25,33.75,3.086528753700598,0.7865808066165139,26.43741646697197,22.819154864024707,39.14922,-0.53067493,0.202
143,35.25,34.0,4.5440233243629935,0.3584453634046969,44.72725653221591,10.852037486555899,39.056587,-0.51806235,0.087000005
144,35.25,34.25,5.132398821816328,0.0876657561839073,65.8416102505981,20.630027016510656,39.05922,-0.50425065,0.24000001
145,35.25,34.5,5.363102454671149,0.0,87.76498584217269,41.13351579942812,39.05593,-0.49680793,0.28800002
146,35.25,34.75,5.41631051084013,0.0,110.01468771275105,63.14778162008472,39.04684,-0.50099456,0.28800002
147,35.25,35.0,5.451972093524379,0.0,116.4300624984552,85.51381186971423,39.03566,-0.49069163,0.279
148,35.0,26.0,7.061129932686757,0.3160239879144858,251.98574892845272,401.585307603887,39.31384,-0.6036092,0.201
149,35.0,26.25,7.351377848246714,0.1310942578548212,241.79365113507882,381.0706416775158,39.306686,-0.6086164,0.26000002
150,35.0,26.5,7.394594162570223,0.0353257137625318,225.99820650609007,360.33045524320596,39.315323,-0.6144217,0.342
151,35.0,26.75,7.350159343143607,0.0010986831062212,211.43292438884677,339.8245502406762,39.31901,-0.6095508,0.35000002
152,35.0,27.0,7.299144596160217,0.0011139425938077,198.36906933353853,319.5981709633813,39.302658,-0.595254,0.34
153,35.0,27.25,7.220022998131839,0.0010986831062212,187.12146484730303,299.70805993289713,39.29397,-0.5840691,0.34500003
154,35.0,27.5,7.153898787869929,0.0,178.03475648627256,280.2259724712007,39.28087,-0.5770174,0.34500003
155,35.0,27.75,7.085012632707644,0.0,171.45292347731169,261.243349059848,39.2639,-0.5734246,0.354
156,35.0,28.0,6.970798087709799,0.0,167.6712524982898,242.87746516712397,39.24552,-0.57432526,0.36
157,35.0,28.25,6.816941510024225,0.0,166.88024056052328,225.2793434067915,39.235283,-0.58229,0.367
158,35.0,28.5,6.653905527228582,0.0,162.43571180171674,208.64347390325702,39.234653,-0.60258377,0.36800003
159,35.0,28.75,6.499074145460522,0.0,156.490633437441,193.21868368066225,39.233032,-0.6403931,0.38000003
160,35.0,29.0,6.363332676974464,0.0,153.66408540773804,179.31788602821084,39.238213,-0.6749382,0.39000002
161,35.0,29.25,6.2913596422176425,0.0,154.12775389864856,167.3214460185248,39.220417,-0.6946513,0.40300003
162,35.0,29.5,6.217355765622311,0.0,157.85264508923555,157.66474805742374,39.204704,-0.6922967,0.41900003
163,35.0,29.75,6.123368405336033,0.0,164.61750433087926,150.79802387908867,39.19815,-0.67252177,0.44300002
164,35.0,30.0,5.997131276654205,0.0,174.0374549362945,147.11252048066135,39.19878,-0.65046126,0.455
165,35.0,30.25,5.884135236759467,0.0,170.07499045809814,146.8479789237703,39.19722,-0.6321964,0.46500003
166,35.0,30.5,5.817686091803395,0.0,169.0548153795632,150.0224989944169,39.202053,-0.61788327,0.46600002
167,35.0,30.75,5.76764614890249,0.0,150.10681144834533,155.38877735833645,39.204254,-0.6098274,0.47000003
168,35.0,31.0,5.67317138657497,0.0,129.57690541796953,132.92981061394318,39.188805,-0.60528916,0.46100003
169,35.0,31.25,5.691448963121567,0.0,109.9646482898315,110.61096864045177,39.16628,-0.59983194,0.45700002
170,35.0,31.5,5.66927217024503,0.0,89.66217437355687,88.53847464560653,39.13597,-0.5917669,0.45000002
171,35.0,31.75,5.585520252824846,0.0,67.05246257015877,66.95660728975446,39.112095,-0.5783814,0.42900002
172,35.0,32.0,5.427764458809332,0.0,44.59584414713134,46.55302986231298,39.094337,-0.54529685,0.42200002
173,35.0,32.25,4.982278993113613,0.3378297956754612,22.75062603376433,29.85076058674291,39.094337,-0.54529685,0.41700003
174,35.0,32.5,3.763773890007162,0.7182030427418247,8.942060223878764,25.58994261727017,39.108635,-0.53128695,0.098000005
175,35.0,32.75,2.568420383859736,0.987319365815696,25.286977636396557,28.986061459469273,39.117313,-0.523493,0.142
176,35.0,33.0,2.159733772277832,0.9878992263439794,47.27531697306088,20.525821115026606,39.117313,-0.523493,0.21200001
177,35.0,33.25,2.2512841223578963,0.9879755237819114,29.27803174579659,19.215299044735186,39.06037,-0.52048784,0.21200001
178,35.0,33.5,2.4741893225528364,0.8659301420658294,9.509323874553038,8.78830986104631,39.056435,-0.5229681,0.16700001
179,35.0,33.75,3.2075669272758387,0.6256389910426807,18.969320632505973,10.091491354716245,39.049046,-0.5175783,0.23600002
180,35.0,34.0,4.712258262265224,0.3261868066470328,40.809620270715264,1.304318668755041,39.05561,-0.5125516,0.316
181,35.0,34.25,5.212738924947813,0.081165214472098,63.30236166790091,22.182928015771136,39.059864,-0.49979082,0.328
182,35.0,34.5,5.407780975118386,0.0,85.93667488183922,44.940658091891905,39.051094,-0.49884444,0.31800002
183,35.0,34.75,5.4847092639611725,0.0,104.25716312612377,67.70844145754607,39.037014,-0.50253,0.3
184,35.0,35.0,5.644577133488739,0.0,91.31213567201999,90.47860033717242,39.00486,-0.5066376,0.264
185,34.75,26.0,7.284035132881698,0.048647246425465,277.1244996457409,413.47659527517624,39.346195,-0.6232122,0.272
186,34.75,26.25,7.366731012545856,0.0485404300123601,261.9251438436956,393.08541650942396,39.33963,-0.6241308,0.29700002
187,34.75,26.5,7.445365208532991,0.0,247.37216427819766,372.95030075493173,39.33871,-0.61997914,0.317
188,34.75,26.75,7.459256166708405,0.0,234.09829014383297,353.11519462641974,39.319874,-0.60802037,0.317
189,34.75,27.0,7.381678008477294,0.0,222.33283078872046,333.63374971673016,39.293606,-0.5930528,0.317
190,34.75,27.25,7.276642868589518,0.0,212.32676929120572,314.57181660624434,39.281673,-0.58310264,0.32500002
191,34.75,27.5,7.175831879725845,0.0,204.33880073504506,296.0105855944532,39.26856,-0.5785073,0.32500002
192,34.75,27.75,7.085987436790129,0.0,198.61262481841004,278.0504789533836,39.252945,-0.5767217,0.32000002
193,34.75,28.0,6.983714241802728,0.0,195.3472795322397,260.8158360777995,39.24302,-0.5788512,0.33
194,34.75,28.25,6.866006648842644,0.0,194.66665982597473,244.46026478719216,39.234673,-0.5882546,0.34300002
195,34.75,28.5,6.752035804865422,0.0,188.93983144893252,229.17217142693946,39.233856,-0.6107034,0.351
196,34.75,28.75,6.681200041538166,0.0,183.83789137340366,215.17931180454445,39.233192,-0.6433944,0.36600003
197,34.75,29.0,6.598666629221089,0.0,181.43042585321774,202.75013509022205,39.236805,-0.6771669,0.39900002
198,34.75,29.25,6.467799181147456,0.0,181.82451136990906,192.18834700684795,39.222878,-0.7031466,0.42700002
199,34.75,29.5,6.343592894304139,0.0,185.00224298990702,183.81619460766868,39.20788,-0.71548015,0.45100003
200,34.75,29.75,6.2402636615607125,0.0,190.8245865842392,177.94306829152487,39.198116,-0.71149635,0.45200002
201,34.75,30.0,6.168534327824513,0.0,199.05958313858991,174.82105379676307,39.190422,-0.69473237,0.439
202,34.75,30.25,6.017439695039313,0.0,186.06836039644196,174.59781320762093,39.18529,-0.67097414,0.43500003
203,34.75,30.5,5.93758699394907,0.0,163.60942079761097,176.48784802302356,39.18277,-0.64802516,0.42900002
204,34.75,30.75,5.866751230621815,0.0,141.2857807640103,153.6554631559586,39.167156,-0.63192594,0.448
205,34.75,31.0,5.776419385644857,0.0,119.1736730718023,130.82414293390784,39.14951,-0.6238751,0.453
206,34.75,31.25,5.740757802960609,0.0,97.41742892835316,107.99474877393396,39.142155,-0.62232226,0.446
207,34.75,31.5,5.689499354956597,0.0,76.32217302257747,85.16902767903333,39.13693,-0.6201351,0.439
208,34.75,31.75,5.615089309993563,0.0,56.63164100371796,62.3512326097351,39.12353,-0.6067192,0.43300003
209,34.75,32.0,5.550589773202462,0.0,40.452163536693334,39.55534598377035,39.09353,-0.57389003,0.437
210,34.75,32.25,5.105997877915688,0.070102085971953,33.3584779933673,16.87083931538699,39.075577,-0.5324893,0.43600002
211,34.75,32.5,3.964177362631404,0.4217264584255261,36.70565242875118,6.905331335561059,39.075577,-0.5324893,0.384
212,34.75,32.75,2.990754252596431,0.7071246547540934,43.68618341290337,14.16000101993161,39.065384,-0.5422767,0.156
213,34.75,33.0,2.863867254526279,0.735614118077915,38.05097901230672,7.992494262218743,39.051193,-0.54010534,0.11400001
214,34.75,33.25,3.853618332942879,0.5339752491111348,25.066580342402546,20.42078913722827,39.06037,-0.52048784,0.21200001
215,34.75,33.5,4.50738693759626,0.2808966474905773,19.957803432153987,19.12855347690764,39.056435,-0.5229681,0.312
216,34.75,33.75,5.103804568730096,0.059374666198709,34.840167122179636,19.179998900305204,39.049046,-0.5175783,0.39600003
217,34.75,34.0,5.471955577215326,0.0493949613171989,53.62687151523201,26.65820111719772,39.051983,-0.51173973,0.40100002
218,34.75,34.25,5.3985203363347765,0.0492881449040941,72.28242705006859,34.67759684993677,39.045525,-0.51098615,0.37300003
219,34.75,34.5,5.539866928295124,0.0,92.80612866709156,52.29505921424804,39.026077,-0.5179219,0.31100002
220,34.75,34.75,5.62215663959158,0.0,84.8804418337421,72.85164813808565,39.004166,-0.5227747,0.287
221,34.75,35.0,5.707370763135492,0.0,68.30349232766706,80.02720833803627,38.96022,-0.52246463,0.282
222,34.5,26.0,7.276155466548276,0.0,297.9076380983869,426.44878103530976,39.3642,-0.63526034,0.303
223,34.5,26.25,7.425138023821424,0.0,283.3558706275826,406.6465903492401,39.356808,-0.6294097,0.30900002
224,34.5,26.5,7.459743568749648,0.0,269.9185714577125,387.15630265403144,39.33661,-0.61725706,0.31800002
225,34.5,26.75,7.441222291182429,0.0,257.7701805800925,368.02760987393606,39.30986,-0.604271,0.31
226,34.5,27.0,7.333343972720739,0.0,247.10095697063917,349.32005202855464,39.28106,-0.5943193,0.312
227,34.5,27.25,7.27883617777511,0.0,238.10989193415074,331.10514936262234,39.264492,-0.5892901,0.328
228,34.5,27.5,7.1860673225919385,0.0,230.99308890242685,313.46892110190885,39.254795,-0.589165,0.33100003
229,34.5,27.75,7.117993504165058,0.0,225.92778454571524,296.51476383391474,39.241676,-0.5905174,0.34600002
230,34.5,28.0,7.039846710219165,0.0,223.05381778552695,280.36656027344713,39.235996,-0.59543985,0.35300002
231,34.5,28.25,6.96340582341762,0.0,222.45615479189857,265.17170461805364,39.233376,-0.6083038,0.35300002
232,34.5,28.5,6.888264675392723,0.0,215.76993045995857,251.10343012740742,39.23411,-0.631126,0.36
233,34.5,28.75,6.812554891653042,0.0,211.30298023617357,238.3613929414885,39.232372,-0.6585381,0.37600002
234,34.5,29.0,6.691679185424881,0.0,209.20536763210706,227.16895888986144,39.235847,-0.68460226,0.397
235,34.5,29.25,6.595498515953013,0.0,209.548270589339,217.7652696220176,39.225876,-0.7051742,0.42100003
236,34.5,29.5,6.4822587750376535,0.0,212.31986275411825,210.39037694040914,39.215454,-0.7179648,0.432
237,34.5,29.75,6.391683229040074,0.0,217.42726967398332,205.26312440068983,39.206837,-0.72068524,0.44900003
238,34.5,30.0,6.292334446300128,0.0,206.3194384138648,202.55430103559024,39.196983,-0.71176875,0.46400002
239,34.5,30.25,6.155861874752206,0.0,183.4135345398732,201.95806890401073,39.18827,-0.6924557,0.44700003
240,34.5,30.5,6.075765472641342,0.0,160.51002350302758,179.38870114966542,39.19437,-0.6712009,0.43800002
241,34.5,30.75,6.006635616458436,0.0,137.61027473918466,156.90624621570635,39.193546,-0.65537167,0.44000003
242,34.5,31.0,5.931250767412917,0.0,114.71672291080559,134.5544503931331,39.175865,-0.6470507,0.44700003
243,34.5,31.25,5.844330736724657,0.0,91.83419458560992,112.41145955229861,39.17245,-0.64674187,0.45000002
244,34.5,31.5,5.809400257102271,0.0,68.9738710584071,90.63063553991168,39.176025,-0.6476036,0.432
245,34.5,31.75,5.793803391782509,0.0,46.16899092349858,69.55325229477452,39.164986,-0.63810855,0.41200003
246,34.5,32.0,5.742220009084336,0.0,23.58130225590489,50.07579681241422,39.123093,-0.6134346,0.41400003
247,34.5,32.25,5.624349948777172,0.0245219965513557,5.55974633222762,34.98168085943675,39.083958,-0.5785907,0.42400002
248,34.5,32.5,5.519558509910017,0.0245219965513557,11.454695693684313,31.40160043506664,39.069183,-0.5515899,0.423
249,34.5,32.75,4.940768585934453,0.1799246181313231,23.034234955295585,22.641658870843603,39.065384,-0.5422767,0.40500003
250,34.5,33.0,4.872857234854654,0.1811453771382357,11.269702743970173,21.04136452348362,39.051193,-0.54010534,0.36600003
251,34.5,33.25,5.129230708548251,0.1765522713747272,13.57562750130959,28.230015468509865,39.04732,-0.5432549,0.33
252,34.5,33.5,5.637022401849479,0.0035249416324599,10.965424164637955,44.6586385644659,39.039852,-0.55080616,0.328
253,34.5,33.75,5.564237030357254,0.0035249416324599,30.630437439315852,44.68076496736951,39.038754,-0.5636819,0.365
254,34.5,34.0,5.669515871265651,0.0,52.96129120749689,54.4532559676921,39.042686,-0.5858555,0.386
255,34.5,34.25,5.567486377298871,0.0,75.63235490279928,58.80919898572203,39.082714,-0.60677296,0.37800002
256,34.5,34.5,5.595268293649698,0.0,93.19178844342716,70.67812270881173,39.065495,-0.6107597,0.333
257,34.5,34.75,5.68072611821423,0.0,71.31132176914166,86.91224699224198,39.044563,-0.5984601,0.314
258,34.5,35.0,5.58990687119603,0.0,50.38196387397542,65.2632629757137,38.930473,-0.5667565,0.32500002
259,34.25,26.0,7.317665873727435,0.0,319.3832064945733,440.79249091635563,39.35413,-0.64925754,0.312
260,34.25,26.25,7.445365208532991,0.0,305.8128104085613,421.6049668755861,39.35492,-0.63473237,0.31800002
261,34.25,26.5,7.481270492237861,0.0,293.3672305915259,402.7806653582001,39.328323,-0.61966753,0.33200002
262,34.25,26.75,7.440247487099944,0.0,282.1954130306894,384.37308397214,39.283882,-0.61042356,0.33400002
263,34.25,27.0,7.339680199256891,0.0,272.4541677413492,366.44515302338414,39.27032,-0.6104709,0.33900002
264,34.25,27.25,7.249592055300555,0.0,264.30178515117177,349.07090611136647,39.2521,-0.6175867,0.35700002
265,34.25,27.5,7.161940921550431,0.0,257.88904477729744,332.33731164463535,39.24177,-0.6246296,0.36400002
266,34.25,27.75,7.093542168429389,0.0,253.34812461137736,316.3461653675596,39.230602,-0.6315918,0.36400002
267,34.25,28.0,7.060642530645515,0.0,250.78075472029946,301.21584677596536,39.22645,-0.6409422,0.384
268,34.25,28.25,7.037653401033573,0.0,248.80281156102618,287.0825981114511,39.226093,-0.6519869,0.4
269,34.25,28.5,6.996142993854414,0.0,242.81797588517344,274.10079271949604,39.227356,-0.66282105,0.40100002
270,34.25,28.75,6.929531381551261,0.0,238.84525494261237,262.44144480579246,39.227436,-0.67181754,0.40600002
271,34.25,29.0,6.816941510024225,0.0,236.98588651336152,252.28804975231267,39.227024,-0.67981297,0.41000003
272,34.25,29.25,6.724416355861675,0.0,237.2895674862123,243.82887867167756,39.226254,-0.68967414,0.40300003
273,34.25,29.5,6.650981114981127,0.0,239.74807650058702,237.24528383699325,39.225502,-0.70346093,0.388
274,34.25,29.75,6.556912521021308,0.0,230.57695126395444,232.6965579062089,39.217045,-0.7206199,0.39200002
275,34.25,30.0,6.4419668729616,0.0,207.7465282317045,230.30333417945192,39.19927,-0.7194378,0.437
276,34.25,30.25,6.31914155856847,0.0,184.94519919024552,208.30355510892528,39.17762,-0.7049033,0.467
277,34.25,30.5,6.231490424818346,0.0,162.18540281651147,186.4344270103684,39.175655,-0.6857564,0.46500003
278,34.25,30.75,6.175357956401909,0.0,139.48764263800697,164.8465297100136,39.201015,-0.6719185,0.45200002
279,34.25,31.0,6.134578652284613,0.0,116.88824109087929,143.66685695163326,39.217697,-0.6655186,0.44400004
280,34.25,31.25,6.053507446091263,0.0,94.4580085707312,123.10644909979041,39.2134,-0.666014,0.44400004
281,34.25,31.5,6.013459245035832,0.0,72.35464477511917,103.53505666888859,39.22084,-0.6694908,0.45200002
282,34.25,31.75,5.9661000133617605,0.0,51.00510727895157,85.63365780915491,39.222935,-0.66556925,0.43100002
283,34.25,32.0,5.928326355165461,0.0,31.95794723818703,70.68284573137403,39.18788,-0.6490261,0.42900002
284,34.25,32.25,5.962688199073063,0.0,22.23898532891206,60.89619230471055,39.13908,-0.62615377,0.43500003
285,34.25,32.5,6.0544822501737485,0.0,12.844793001732574,58.50952417815585,39.112144,-0.61119604,0.42700002
286,34.25,32.75,5.997131276654205,0.0,19.925617279820802,48.68594349741666,39.115963,-0.60943705,0.42700002
287,34.25,33.0,5.9812907103138215,0.000228892313796,16.78005219704713,48.65323080500018,39.11059,-0.6121075,0.411
288,34.25,33.25,6.006148214417193,9.155692551843232e-05,22.85985334721118,52.176558170014744,39.117104,-0.6147382,0.384
289,34.25,33.5,5.915328967398992,0.0,33.78913042323674,64.25061906944909,39.112766,-0.62065524,0.381
290,34.25,33.75,5.829140039772596,0.0,46.16173647487554,71.9055384505569,39.14123,-0.6343286,0.37600002
291,34.25,34.0,5.750343376438379,0.0,63.878030061729405,78.86903014541066,39.15875,-0.654701,0.37
292,34.25,34.25,5.594049788546592,0.0,83.69281751547581,85.20587292775593,39.233246,-0.66861844,0.38200003
293,34.25,34.5,5.481297449672475,0.0,90.11968585287443,93.81649206521182,39.201736,-0.6633749,0.386
294,34.25,34.75,5.513953386435728,0.0,67.16696869750875,79.51817089894999,39.176033,-0.6371815,0.377
295,34.25,35.0,5.484465562940551,0.0,44.23609137832519,59.79974045451841,38.96918,-0.584026,0.36200002
296,34.0,26.0,7.302556410448915,0.0,341.7709125918962,456.3784243706031,39.34161,-0.6427987,0.32000002
297,34.0,26.25,7.400686688085755,0.0,329.0859427267404,437.81735968115106,39.3496,-0.630278,0.34500003
298,34.0,26.5,7.424163219738939,0.0,317.51831116246444,419.66499946209444,39.34587,-0.6213324,0.35200003
299,34.0,26.75,7.352840054370441,0.0,307.19434376095165,401.97683850183915,39.300034,-0.61740166,0.35000002
300,34.0,27.0,7.270306642053365,0.0,298.243288909154,384.8170124924639,39.273605,-0.61935157,0.35200003
301,34.0,27.25,7.232939152224767,0.0,290.79201491379223,368.2595014076836,39.25838,-0.6273002,0.36200002
302,34.0,27.5,7.177294085849573,0.0,284.9582467063612,352.38932921069056,39.244003,-0.63500065,0.36
303,34.0,27.75,7.113606885793876,0.0,280.842838573133,337.30363515689953,39.230232,-0.6415565,0.36900002
304,34.0,28.0,7.104102545989646,0.0,278.52199832028447,323.11241848798926,39.22394,-0.6486638,0.397
305,34.0,28.25,7.105808453133994,0.0,275.428995022949,309.938665934642,39.220757,-0.65515697,0.40800002
306,34.0,28.5,7.080382313315839,0.0,270.0184798684193,297.9174717381662,39.22004,-0.66077954,0.43400002
307,34.0,28.75,7.016695113260143,0.0,266.4407802100121,287.193682251837,39.21448,-0.666891,0.45100003
308,34.0,29.0,6.922464051953243,0.0,264.7702270016317,277.9175952641952,39.21002,-0.67616105,0.453
309,34.0,29.25,6.846510567192942,0.0,265.0428952585233,270.23839286410913,39.219048,-0.6897281,0.44900003
310,34.0,29.5,6.772994092638852,0.0,257.7294734131213,264.29535632761133,39.22131,-0.7059913,0.43500003
311,34.0,29.75,6.702726965026381,0.0,235.2261927924567,260.2075114579165,39.212086,-0.7208624,0.39200002
312,34.0,30.0,6.597204423097361,0.0,212.82511150915622,239.26812029586074,39.190052,-0.7256802,0.377
313,34.0,30.25,6.47787215666647,0.0,190.5624330543086,218.03374862795394,39.16487,-0.71390337,0.41900003
314,34.0,30.5,6.371862212696209,0.0,168.4931876884744,197.1812083169258,39.143753,-0.68976957,0.455
315,34.0,30.75,6.323284475919031,0.0,146.7048603475987,176.8457692960846,39.138226,-0.6672868,0.47800002
316,34.0,31.0,6.302569889166222,0.0,125.3441962053821,157.2283478456012,39.153713,-0.656841,0.46800002
317,34.0,31.25,6.254479554430287,0.0,104.67351012734161,138.6342326877389,39.187675,-0.6582035,0.43800002
318,34.0,31.5,6.189248914577322,0.0,85.19667417136273,121.5341551034402,39.218784,-0.6648023,0.43600002
319,34.0,31.75,6.112889261449318,0.0,67.94835170613212,106.64933915279354,39.23705,-0.6681027,0.44300002
320,34.0,32.0,6.074303266517614,0.0,55.06428299317084,95.02664446497492,39.24035,-0.66513246,0.45400003
321,34.0,32.25,6.074303266517614,0.0,48.79784457549839,87.96880096660605,39.252567,-0.65796494,0.46400002
322,34.0,32.5,6.029868447090999,0.0,39.44738838651106,82.64206728854991,39.216686,-0.6547894,0.455
323,34.0,32.75,6.116301075738016,0.0,42.29452037335643,75.98377959988441,39.206154,-0.6708144,0.441
324,34.0,33.0,6.14725110535692,0.0,44.515986170510125,75.96785723932712,39.229076,-0.69967395,0.42100003
325,34.0,33.25,6.116544776758637,0.0,48.44377628050858,78.69807479378775,39.263138,-0.7183444,0.39800003
326,34.0,33.5,5.992988359303643,0.0,58.882931884583776,87.19701158346324,39.26359,-0.72488266,0.39900002
327,34.0,33.75,5.89607658676991,0.0,68.5546728138948,99.44837586984168,39.273193,-0.73018926,0.384
328,34.0,34.0,5.779100096871691,0.0,82.14223129890645,104.60892174603795,39.27439,-0.73204577,0.367
329,34.0,34.25,5.589175768134166,0.0,99.16748323965206,112.28130926903762,39.28077,-0.72374266,0.37100002
330,34.0,34.5,5.405587665932794,0.0,89.91294168048904,92.52518907586557,39.300682,-0.693565,0.37800002
331,34.0,34.75,5.364320959774256,0.0,72.11659035528025,69.74851246959254,39.206394,-0.6515816,0.384
332,34.0,35.0,5.149214192239197,0.0,54.04475510348866,47.248685311770856,38.949738,-0.5801986,0.39000002
333,33.75,26.0,7.221485204255567,0.0,364.9029091084166,455.6873486275522,39.334553,-0.6312204,0.31
334,33.75,26.25,7.292808369624064,0.0,353.01387711333666,438.96000999601324,39.34955,-0.6219505,0.32500002
335,33.75,26.5,7.284766235943561,0.0,342.2231333372924,422.8748068151475,39.35868,-0.61932445,0.33100003
336,33.75,26.75,7.206863143018289,0.0,332.6376513192951,407.50787838547296,39.328102,-0.6206699,0.33
337,33.75,27.0,7.229527337936069,0.0,324.36436378571847,392.94359153343834,39.286045,-0.624804,0.35200003
338,33.75,27.25,7.209300153224502,0.0,317.50591732199086,379.2745066391159,39.26595,-0.63244706,0.367
339,33.75,27.5,7.195165494028467,0.0,312.1556277934724,366.60085147916124,39.24316,-0.6391757,0.35700002
340,33.75,27.75,7.163403127674159,0.0,308.39203463777994,355.0293177254435,39.22689,-0.6439726,0.38700002
341,33.75,28.0,7.153898787869929,0.0,306.27366105966985,344.67099289905286,39.21691,-0.6480386,0.39600003
342,33.75,28.25,7.141145101124081,0.0,302.26625795552457,333.5456616261615,39.210354,-0.6526391,0.39900002
343,33.75,28.5,7.114094287835118,0.0,297.32960340043854,322.37192616133103,39.2001,-0.6601422,0.39400002
344,33.75,28.75,7.049594751044017,0.0,294.0745655544309,312.4583990538484,39.19812,-0.6718485,0.39600003
345,33.75,29.0,6.9907815714007455,0.0,292.5573002778891,303.9284866445656,39.20696,-0.6871485,0.40100002
346,33.75,29.25,6.914584385619822,0.0,286.97188980887285,296.9015213048147,39.212143,-0.70325786,0.39400002
347,33.75,29.5,6.86137632945084,0.0,264.8918601344275,291.4862650688772,39.20649,-0.71621096,0.41300002
348,33.75,29.75,6.793058810003338,0.0,242.9853188103652,271.5986839262217,39.195717,-0.7230143,0.407
349,33.75,30.0,6.692166587466124,0.0,221.303942454074,250.94088465424326,39.17773,-0.7204172,0.38500002
350,33.75,30.25,6.60061623738606,0.0,199.92115247694775,230.7208161047772,39.149082,-0.704627,0.39200002
351,33.75,30.5,6.494443826068718,0.0,178.9441697017052,211.06445958527934,39.124264,-0.6788433,0.41500002
352,33.75,30.75,6.455126728075149,0.0,158.5343133570985,192.14503212644365,39.11471,-0.65486646,0.42700002
353,33.75,31.0,6.409229702524806,0.0,138.9418812424467,174.2029358293316,39.130264,-0.642266,0.448
354,33.75,31.25,6.369668903510617,0.0,120.56618228483238,157.5725046498648,39.162132,-0.64157313,0.43800002
355,33.75,31.5,6.333601152458666,0.0,104.05398068102862,142.7131416041615,39.193924,-0.6464913,0.4
356,33.75,31.75,6.254479554430287,0.0,90.43200935229079,130.23259760396766,39.212353,-0.6488336,0.393
357,33.75,32.0,6.193879233969127,0.0,81.16878972592828,120.87009910799271,39.222965,-0.64747167,0.40600002
358,33.75,32.25,6.129704631872187,0.0,72.9404304026261,115.3872138258078,39.237946,-0.6462613,0.41400003
359,33.75,32.5,6.075765472641342,0.0,67.02792428199606,108.54299675136728,39.246147,-0.6491069,0.42700002
360,33.75,32.75,6.050095631802566,0.0,68.74705943760662,103.54847039197635,39.216976,-0.66706073,0.43
361,33.75,33.0,6.0718662563114005,0.0,72.30017163830944,103.5367526287001,39.232162,-0.70048636,0.41900003
362,33.75,33.25,6.062849318548413,0.0,75.31707468744126,105.87688621475395,39.264133,-0.72678643,0.41400003
363,33.75,33.5,6.035717271585909,0.0,82.70589720077656,112.35662936271528,39.27405,-0.73932225,0.416
364,33.75,33.75,5.938318097010934,0.0,93.8834680762107,122.86102636403224,39.275047,-0.74401677,0.39600003
365,33.75,34.0,5.787142230552194,0.0,104.24850158662647,131.1916658100999,39.261604,-0.7389775,0.37100002
366,33.75,34.25,5.615820413055427,0.0,99.9617593985152,115.89903693229587,39.278603,-0.7221671,0.36400002
367,33.75,34.5,5.375774907743456,0.0,77.6486272732253,93.05347546568292,39.295696,-0.68440896,0.374
368,33.75,34.75,5.268383991323008,0.0,56.01196518181389,70.37080095344776,39.037807,-0.6128588,0.386
369,33.75,35.0,5.052546120726085,0.0,36.28309554886095,48.08232124879617,38.803032,-0.52795917,0.40100002
370,33.5,26.0,7.094029570470632,0.0,388.6463194962641,437.36423940226143,39.346348,-0.6224494,0.29900002
371,33.5,26.25,7.123354926618728,0.0,377.47211042839064,419.85703621436915,39.363914,-0.62010384,0.32900003
372,33.5,26.5,7.087449642913857,0.0,367.3700003287784,402.96128361097567,39.36086,-0.62348396,0.32700002
373,33.5,26.75,7.101909236804053,0.0,358.430715496424,386.75722222206326,39.330585,-0.62951475,0.321
374,33.5,27.0,7.124329730701212,0.0,350.7432349182056,371.3355069903103,39.29737,-0.6364614,0.344
375,33.5,27.25,7.180462199117649,0.0,336.62780851852415,356.7976861757218,39.274773,-0.6423815,0.35500002
376,33.5,27.5,7.177050384828951,0.0,323.2739022466785,343.25616761747494,39.238827,-0.6460963,0.36400002
377,33.5,27.75,7.156823200117384,0.0,311.1236727931309,330.8333921145293,39.19941,-0.65009016,0.38000003
378,33.5,28.0,7.16169722052981,0.0,300.3233175355557,319.65988863658123,39.17656,-0.6566273,0.374
379,33.5,28.25,7.147075159292532,0.0,291.0232252093388,309.87089111704813,39.174744,-0.66822827,0.349
380,33.5,28.5,7.106539556195858,0.0,282.51187536912096,301.601294727785,39.17042,-0.6836876,0.34100002
381,33.5,28.75,7.039115607157301,0.0,275.4297248147227,294.97896067474176,39.158646,-0.6956513,0.34800002
382,33.5,29.0,6.99736149895752,0.0,270.2107351434864,290.1167512036254,39.145367,-0.6999857,0.36400002
383,33.5,29.25,6.96145621525265,0.0,266.96422877181635,287.10413206278935,39.133606,-0.69866484,0.37600002
384,33.5,29.5,6.914096983578579,0.0,265.7625198749735,285.99957449360335,39.11694,-0.69194305,0.372
385,33.5,29.75,6.830182598811315,0.0,253.56900554881156,284.71835955562125,39.0953,-0.67871207,0.386
386,33.5,30.0,6.753985413030391,0.0,232.8118135817483,265.02515847997023,39.12733,-0.69762516,0.40800002
387,33.5,30.25,6.673401608878285,0.0,212.5276585212989,245.90752199277293,39.09909,-0.6773051,0.43100002
388,33.5,30.5,6.600372536365438,0.0,192.86598869029967,227.51071867655475,39.08535,-0.65361786,0.437
389,33.5,30.75,6.5728343210352325,0.0,174.03804131901416,210.02437977438856,39.08571,-0.6348159,0.43100002
390,33.5,31.0,6.4851831872851085,0.0,156.34544260023907,193.69536450371888,39.1096,-0.6264637,0.441
391,33.5,31.25,6.446597192353405,0.0,140.2187474785945,178.84107203862422,39.14805,-0.62679785,0.45000002
392,33.5,31.5,6.412397815792883,0.0,126.259524137952,165.8583062250023,39.181725,-0.63003117,0.439
393,33.5,31.75,6.388515115771997,0.0,115.25810346929553,155.21748341573434,39.198696,-0.6307091,0.407
394,33.5,32.0,6.3188978575478485,0.0,108.12123696806678,147.42665220342414,39.215725,-0.63051194,0.39000002
395,33.5,32.25,6.236608146251393,0.0,99.01975130865004,142.83326991545124,39.237965,-0.6342092,0.40100002
396,33.5,32.5,6.163416606391466,0.0,94.73609268041638,135.19976698556067,39.256695,-0.64261615,0.402
397,33.5,32.75,6.138721569635175,0.0,95.96366711937509,131.21194293529308,39.229305,-0.66106266,0.4
398,33.5,33.0,6.095261554291045,0.0,100.09243495051021,131.20266871075995,39.23184,-0.69192386,0.41000003
399,33.5,33.25,6.066992235898975,0.0,102.2992932496187,133.3115801312423,39.251045,-0.7187268,0.41500002
400,33.5,33.5,6.041322395060199,0.0,108.4382493240419,138.52877696598094,39.26478,-0.735205,0.407
401,33.5,33.75,5.913866761275265,0.0,114.7013749650936,136.35841550926037,39.271217,-0.7409712,0.39000002
402,33.5,34.0,5.753998891747698,0.0,112.30687591100413,117.97287661721388,39.251778,-0.73239046,0.37800002
403,33.5,34.25,5.668053665141923,0.0,90.94973181639288,101.6113508509328,39.276207,-0.7090075,0.374
404,33.5,34.5,5.368707578145439,0.0,68.68154104464476,88.4049712991966,39.2539,-0.65966266,0.395
405,33.5,34.75,5.247344469876036,0.0,47.324653302629585,79.93329025780506,38.920254,-0.5773527,0.40600002
406,33.5,35.0,4.757180483733081,0.1224726473685013,28.164146884530556,62.74466967039882,38.700874,-0.49550402,0.409
407,33.25,26.0,7.007109539782372,0.0,379.5103416222201,420.0810694442235,39.349632,-0.62628835,0.294
408,33.25,26.25,6.943909741767917,0.0,365.19323363694343,401.7689337643813,39.36448,-0.6272141,0.326
409,33.25,26.5,6.92563216522132,0.0,351.8762370439368,384.02731193347796,39.35987,-0.6310542,0.349
410,33.25,26.75,6.968604778524208,0.0,339.67707486266994,366.9390691192363,39.341366,-0.6362951,0.34500003
411,33.25,27.0,7.03131717449742,0.0,328.72029115296004,350.59985394944727,39.31992,-0.6414901,0.337
412,33.25,27.25,7.086474838831371,0.0,314.83099151137776,335.1193381640384,39.29842,-0.6451653,0.333
413,33.25,27.5,7.140901400103459,0.0,300.4686961965776,320.62201610439274,39.24732,-0.64851403,0.328
414,33.25,27.75,7.173151168499011,0.0,287.3179868493973,307.2471772292828,39.188885,-0.6552053,0.335
415,33.25,28.0,7.174369673602117,0.0,275.5524622490583,295.14753613139214,39.15684,-0.6654717,0.344
416,33.25,28.25,7.154629890931792,0.0,265.3565050717894,284.48591689300923,39.15227,-0.6775971,0.33600003
417,33.25,28.5,7.108001762319585,0.0,256.5858364918217,275.42942402775475,39.14521,-0.68732154,0.34600002
418,33.25,28.75,7.033754184703632,0.0,248.74428327412343,268.14079785865056,39.115486,-0.6883684,0.36600003
419,33.25,29.0,7.008328044885478,0.0,242.9361923821338,262.76723117142905,39.09516,-0.68001866,0.38700002
420,33.25,29.25,6.971772891792284,0.0,239.30969942592128,259.42778158916434,39.06933,-0.6663383,0.39900002
421,33.25,29.5,6.92733807236567,0.0,237.96458543302774,258.20140413797026,39.044724,-0.6508576,0.384
422,33.25,29.75,6.873317679461284,0.0,238.9393899723603,259.1181099529015,39.016453,-0.6345335,0.377
423,33.25,30.0,6.826689550849077,0.0,242.20609861845668,251.7795269957555,39.014603,-0.620663,0.397
424,33.25,30.25,6.760321639566545,0.0,227.84349048460447,246.32809302162332,39.02009,-0.60993135,0.41300002
425,33.25,30.5,6.68363705174438,0.0,209.56806877602642,243.0420271098951,39.041195,-0.60240316,0.423
426,33.25,30.75,6.619218748626818,0.0,192.32953486415806,229.8825923877953,39.078674,-0.6004075,0.44200003
427,33.25,31.0,6.54789558325832,0.0,176.43219856350345,215.02196977733738,39.12414,-0.60331374,0.45700002
428,33.25,31.25,6.504679268934812,0.0,162.2708298437142,201.70412722938443,39.159286,-0.60630107,0.47300002
429,33.25,31.5,6.474216641357151,0.0,150.33689802160455,190.25341448217802,39.170753,-0.6055229,0.47400004
430,33.25,31.75,6.454151923992665,0.0,141.19640504550966,181.0245689843738,39.160046,-0.60192543,0.46600002
431,33.25,32.0,6.437336553569796,0.0,133.17133336548576,174.37079434781114,39.175434,-0.6021506,0.44400004
432,33.25,32.25,6.330351805517049,0.0,125.83737092155908,168.67258630974746,39.218967,-0.61113465,0.432
433,33.25,32.5,6.233440032983316,0.0,122.48530654283158,162.24024110039457,39.25637,-0.6243037,0.42100003
434,33.25,32.75,6.153424864545992,0.0,123.43997784551156,158.9226211311231,39.261845,-0.63907856,0.42700002
435,33.25,33.0,6.081857998156874,0.0,125.95054858463821,158.91494180603658,39.248512,-0.6563594,0.42400002
436,33.25,33.25,6.050339332823187,0.0,109.76210301290864,160.87129658089185,39.244286,-0.6730427,0.423
437,33.25,33.5,5.957814178660637,0.0,96.55111203289192,144.4349041024016,39.246513,-0.6883235,0.432
438,33.25,33.75,5.840918922435958,0.0,87.67411195115876,122.82373708321313,39.24623,-0.6935289,0.404
439,33.25,34.0,5.714925494774752,0.0,84.50814424986442,101.96205336018181,39.25491,-0.6850861,0.38200003
440,33.25,34.25,5.636778700828858,0.0,87.67411195115876,82.42110075716721,39.26382,-0.65461284,0.384
441,33.25,34.5,5.3648083618154985,0.0,65.31186034931773,65.39589698921512,39.06836,-0.58757484,0.42000002
442,33.25,34.75,5.1612367759231805,0.000228892313796,42.20166964538328,53.35195439228291,38.65475,-0.50305456,0.42400002
443,33.25,35.0,4.611122338707388,0.1526406543268277,19.40628959936041,48.73938290223785,38.550705,-0.44760674,0.41300002
444,33.0,26.0,6.904836344794971,0.0,358.4883800052283,403.971336731434,39.325165,-0.6333858,0.33100003
445,33.0,26.25,6.8350566192237405,0.0,343.2523847031823,384.8388317138218,39.34176,-0.63418424,0.323
446,33.0,26.5,6.850897185564125,0.0,329.008165732878,366.22485314065176,39.349606,-0.63643444,0.34100002
447,33.0,26.75,6.903374138671243,0.0,315.88999636659526,348.2126729343556,39.34705,-0.639334,0.37300003
448,33.0,27.0,6.9683610775035865,0.0,304.0437376667393,330.90068411561697,39.335026,-0.64182436,0.386
449,33.0,27.25,7.039603009198544,0.0,293.62344217438374,314.40467128796985,39.315586,-0.64409524,0.37500003
450,33.0,27.5,7.10312774190716,0.0,278.5713462711005,298.8598771752069,39.24737,-0.6487031,0.372
451,33.0,27.75,7.119455710288786,0.0,264.2925423413964,284.42239755380007,39.17225,-0.658638,0.377
452,33.0,28.0,7.122380122536242,0.0,251.41508814875095,271.2691733858059,39.13524,-0.6704588,0.37300003
453,33.0,28.25,7.107270659257722,0.0,240.16458186660782,259.595565847494,39.136105,-0.6777619,0.33900002
454,33.0,28.5,7.087937044955099,0.0,230.7791521623596,249.60932164070175,39.110714,-0.6758764,0.33400002
455,33.0,28.75,7.079407509233354,0.0,222.3316764027536,241.5198925598848,39.07249,-0.6653971,0.367
456,33.0,29.0,7.073314983717822,0.0,215.79539752254675,235.52285276022621,39.044304,-0.6494297,0.397
457,33.0,29.25,7.049594751044017,0.0,211.69292762848298,231.7807061238702,39.012768,-0.63009894,0.40800002
458,33.0,29.5,6.998092602019383,0.0,210.16686177469808,230.40336914463896,38.972313,-0.6097618,0.411
459,33.0,29.75,6.93513650502555,0.0,211.273045101396,231.43307437773564,38.933754,-0.59259987,0.407
460,33.0,30.0,6.878029232526629,0.0,214.9708410497232,225.22041025038575,38.96053,-0.58536166,0.43400002
461,33.0,30.25,6.826933251869698,0.0,221.13025590915024,219.09183455990203,38.99051,-0.5852088,0.44500002
462,33.0,30.5,6.769094876308912,0.0,228.44140040645235,215.38019512948023,39.01892,-0.5867453,0.42200002
463,33.0,30.75,6.703458068088244,0.0,212.69075899168905,214.21118384703036,39.064766,-0.59002155,0.425
464,33.0,31.0,6.643588850688947,0.0,198.3888004814413,215.62616528508576,39.104355,-0.59397644,0.43800002
465,33.0,31.25,6.61190771800818,0.0,185.87032986689582,213.87910470482663,39.125748,-0.5951546,0.46100003
466,33.0,31.5,6.582094959818842,0.0,175.51745584207976,204.80612355512318,39.121426,-0.59191334,0.47200003
467,33.0,31.75,6.534735728144771,0.0,167.73172467083862,198.1285456137504,39.10647,-0.58650815,0.47000003
468,33.0,32.0,6.461219253590682,0.0,159.1092080993899,194.0937993591054,39.112698,-0.58568436,0.46100003
469,33.0,32.25,6.313780136114802,0.0,153.00557081472155,192.86784039718464,39.171158,-0.59512454,0.45000002
470,33.0,32.5,6.234414837065801,0.0,150.25282633327998,189.50023393303016,39.234642,-0.60973364,0.45200002
471,33.0,32.75,6.167072121700785,0.0,129.93278181278748,186.6594823077065,39.26633,-0.6244991,0.45000002
472,33.0,33.0,6.0830765032599805,0.0,109.37366694043105,183.76042215698584,39.26727,-0.6379889,0.437
473,33.0,33.25,6.026944034843544,0.0,90.19955283665753,160.61414619594984,39.262203,-0.6503795,0.44400004
474,33.0,33.5,5.891446267378106,0.0,73.5025852803639,137.5328832985847,39.257107,-0.66213506,0.48800004
475,33.0,33.75,5.804282535669224,0.0,61.340250889023956,114.55610638070111,39.254375,-0.66724515,0.45600003
476,33.0,34.0,5.712975886609781,0.0,56.70941258872473,91.76251448000845,39.2747,-0.6590185,0.41400003
477,33.0,34.25,5.521589351748528,0.0,61.340250889023956,69.33320324921056,39.21449,-0.6215897,0.40300003
478,33.0,34.5,5.46147643332861,0.0,73.20935302498633,47.784137903367295,38.92465,-0.54637456,0.42900002
479,33.0,34.75,5.188531290232765,0.0007477148917339,53.55236498592183,29.138729011525605,38.422256,-0.46786442,0.42000002
480,33.0,35.0,4.1177090056228165,0.329345520577419,38.202991105154105,21.00600004983647,38.45179,-0.43118614,0.41400003
481,32.75,26.0,6.776162205906929,0.0,338.44429054656064,389.18078842689283,39.222237,-0.64133114,0.35000002
482,32.75,26.25,6.702483264005759,0.0,322.21613965685356,369.22605784366317,39.20626,-0.63551855,0.33800003
483,32.75,26.5,6.713206108913096,0.0,306.9542704999704,349.7267454300223,39.24108,-0.63013375,0.326
484,32.75,26.75,6.766414165082077,0.0,292.8099021756673,330.76351748005646,39.26528,-0.6282323,0.33100003
485,32.75,27.0,6.8455357631104565,0.0,279.95254796882597,312.43411197422574,39.27654,-0.62968636,0.354
486,32.75,27.25,6.940497927479219,0.0,268.56718667772793,294.85686101522543,39.301155,-0.6350919,0.374
487,32.75,27.5,7.032291978579905,0.0,257.8132824968717,278.1744840796265,39.267185,-0.64449,0.40100002
488,32.75,27.75,7.088180745975721,0.0,242.26990510668915,262.5577085723321,39.189133,-0.65596324,0.41700003
489,32.75,28.0,7.124573431721833,0.0,228.11237663627318,248.20784329591538,39.184734,-0.66204846,0.42100003
490,32.75,28.25,7.127254142948668,0.0,215.6139430257934,235.35681821045017,39.094982,-0.65096146,0.37800002
491,32.75,28.5,7.092811065367526,0.0,205.07824015072586,224.26252135943326,38.944504,-0.626121,0.34100002
492,32.75,28.75,7.059911427583652,0.0,196.3020655301064,215.1968873554175,38.89847,-0.6014795,0.36100003
493,32.75,29.0,7.041796318384135,0.0,188.846025796035,208.424851007609,38.954796,-0.6126119,0.397
494,32.75,29.25,7.033023081641769,0.0,184.13090330126732,204.17479830197783,38.92893,-0.59270746,0.40600002
495,32.75,29.5,7.02376244285816,0.0,182.36944528631503,202.60552522986916,38.877716,-0.5721663,0.42600003
496,32.75,29.75,7.009059147947342,0.0,183.6466715414537,203.77898242160572,38.845566,-0.5569675,0.44200003
497,32.75,30.0,6.952439277489662,0.0,187.90062065630025,199.00003114220215,38.90584,-0.5563889,0.46800002
498,32.75,30.25,6.892407592743284,0.0,194.9364921688985,192.01678587458176,38.957184,-0.56474125,0.47000003
499,32.75,30.5,6.822059231457272,0.0,204.46726835349597,187.75878781702076,38.986717,-0.5722314,0.437
500,32.75,30.75,6.741312959958084,0.0,216.1631479023016,186.412902006589,39.02135,-0.5768673,0.43400002
501,32.75,31.0,6.660972856826599,0.0,209.37204480865103,188.04167525684542,39.043297,-0.57889074,0.43600002
502,32.75,31.25,6.6155632333174985,0.0,197.9548529576409,189.2571907113436,39.046917,-0.577222,0.46
503,32.75,31.5,6.580632753695114,0.0,188.80714540066256,178.9105604286294,39.037483,-0.57234544,0.47500002
504,32.75,31.75,6.531811315897316,0.0,182.2709934411308,171.20418409378982,39.028744,-0.566026,0.46
505,32.75,32.0,6.4419668729616,0.0,178.63333236209783,166.50510720597794,39.02418,-0.5641552,0.45700002
506,32.75,32.25,6.341399585118547,0.0,166.4253402966236,165.07038300658203,39.077824,-0.5728028,0.46
507,32.75,32.5,6.261059481987062,0.0,143.42584899275064,166.9841820562083,39.140007,-0.5877332,0.46600002
508,32.75,32.75,6.147982208418783,0.0,120.58548817791612,172.13484382636082,39.218754,-0.60474837,0.45400003
509,32.75,33.0,5.9946942664479925,0.0,98.01573680133312,180.24506708352274,39.26155,-0.6188817,0.42900002
510,32.75,33.25,5.952940158248211,0.0,75.95838047204775,159.42234429250368,39.27357,-0.6305211,0.43500003
511,32.75,33.5,5.798677412194935,0.0,55.03320725715391,136.06781759225944,39.270412,-0.63964045,0.46400002
512,32.75,33.75,5.684625334544171,0.0,37.20261868827423,112.72049874519722,39.267975,-0.6448117,0.469
513,32.75,34.0,5.583814345680497,0.0,28.910680927585048,89.38621724915625,39.26565,-0.632876,0.44000003
514,32.75,34.25,5.4412492486170425,0.0,37.20261868827423,66.0789852460446,39.096096,-0.58445454,0.44500002
515,32.75,34.5,5.441492949637664,0.0,55.03320725715391,42.84320748138356,38.791862,-0.5092049,0.46300003
516,32.75,34.75,5.0464535952105525,0.1472845741839989,74.16365305294956,19.930739181528036,38.22032,-0.4437852,0.45400003
517,32.75,35.0,3.8889549809329655,0.5265438786565547,63.93643375625717,7.177891573583677,38.22032,-0.4437852,0.41900003
518,32.5,26.0,6.5691788057259135,0.0,319.56213341748526,375.8651894106774,39.172207,-0.6411482,0.37300003
519,32.5,26.25,6.538147542433469,0.0,302.27342114345925,355.10441065845066,39.153725,-0.6365101,0.386
520,32.5,26.5,6.585019372066297,0.0,285.9030245373531,334.72591275089087,39.19148,-0.630753,0.386
521,32.5,26.75,6.636277820070308,0.0,270.61774195467757,314.80406169637257,39.198235,-0.6269571,0.326
522,32.5,27.0,6.71028169666564,0.0,256.61164032950256,295.4313666589387,39.21204,-0.6269338,0.32500002
523,32.5,27.25,6.802563149807568,0.0,244.10508601759406,276.72329927462175,39.248802,-0.6309347,0.34300002
524,32.5,27.5,6.939279422376113,0.0,233.33939254211958,258.82412849183606,39.266865,-0.63880616,0.37300003
525,32.5,27.75,6.994193385689443,0.0,221.54932306330466,241.91357601308573,39.22746,-0.64701027,0.39800003
526,32.5,28.0,7.0208380306107045,0.0,205.92787318074733,226.2135611506131,39.16107,-0.64613575,0.41300002
527,32.5,28.25,7.020106927548841,0.0,191.95080862490292,211.99329976162443,38.961605,-0.62789416,0.411
528,32.5,28.5,7.000529612225597,0.0,180.00167739355305,199.5694434128468,38.85516,-0.6016283,0.38300002
529,32.5,28.75,7.00686583876175,0.0,170.5074345248071,189.29609863997663,38.86021,-0.578935,0.37
530,32.5,29.0,7.021569133672568,0.0,162.1835292919774,181.53878598487586,38.818813,-0.55846095,0.386
531,32.5,29.25,7.016695113260143,0.0,156.65252652955976,176.62936180709164,38.719013,-0.5345925,0.39000002
532,32.5,29.5,6.989075664256396,0.0,154.57250168693423,174.80796354924766,38.57414,-0.50876904,0.43100002
533,32.5,29.75,6.935867608087415,0.0,156.08149546481303,176.17040667735495,38.566917,-0.49285963,0.46
534,32.5,30.0,6.895819407031983,0.0,161.07866536266033,173.27223616269362,38.689842,-0.49485445,0.47800002
535,32.5,30.25,6.848947577399154,0.0,169.2553086918342,165.1822377709651,38.78519,-0.5064472,0.47900003
536,32.5,30.5,6.790621799797126,0.0,180.17904483044802,160.1987165613866,38.847862,-0.5157727,0.47900003
537,32.5,30.75,6.7444810732261615,0.0,193.38485533030342,158.61477778386134,38.86821,-0.5180028,0.46300003
538,32.5,31.0,6.700046253799546,0.0,186.4177995199089,160.53109098781584,38.87831,-0.51615745,0.453
539,32.5,31.25,6.648787805795535,0.0,173.45960034582708,165.64336812034355,38.87328,-0.51242185,0.46300003
540,32.5,31.5,6.590868196561209,0.0,162.91250402976956,153.68118468286673,38.86998,-0.5091145,0.47200003
541,32.5,31.75,6.52328178017557,0.0,155.26869554377575,144.61098516659285,38.877262,-0.5059147,0.47000003
542,32.5,32.0,6.421658454576493,0.0,150.96985583381738,139.00011255757389,38.85889,-0.50474614,0.46300003
543,32.5,32.25,6.293796652423856,0.0,150.30329205940555,137.273441565717,38.90125,-0.510019,0.46400002
544,32.5,32.5,6.221986085014116,0.0,140.68232952033725,139.57520900837943,38.898003,-0.51988536,0.44900003
545,32.5,32.75,6.126780219624732,0.0,117.237181124395,145.7146236217919,38.973717,-0.5352484,0.41200003
546,32.5,33.0,5.988845441953082,0.0,93.79231105745704,155.2369999628879,38.982307,-0.55088115,0.39900002
547,32.5,33.25,5.870894147972377,0.0,70.34819084589972,149.60637231425892,39.08154,-0.5671839,0.411
548,32.5,33.5,5.715900298857236,0.0,46.90617027402847,127.24442761067978,39.07095,-0.5761789,0.42800003
549,32.5,33.75,5.577721820164965,0.0,23.47286265026223,105.37615025236593,39.1209,-0.5770529,0.46800002
550,32.5,34.0,5.486658872126143,0.0,1.1119492664453663,84.38637545403508,39.03748,-0.55357265,0.48000002
551,32.5,34.25,5.46903116496787,0.0,23.47286265026223,65.13023863981822,38.84496,-0.50357485,0.47900003
552,32.5,34.5,5.037924059488808,0.0,46.90617027402847,49.667006873253584,38.344738,-0.45149252,0.47800002
553,32.5,34.75,4.06157653720638,0.2988418048921917,55.68902117239546,38.612660426882265,37.91006,-0.42947927,0.46400002
554,32.5,35.0,3.005944949548492,0.6881876306593624,69.30156901550767,33.82686470559326,37.91006,-0.42947927,0.43
555,32.25,26.0,6.406792692318594,0.0,302.0598891305533,364.18635975908467,39.03913,-0.6250116,0.42400002
556,32.25,26.25,6.385590703524541,0.0,283.6549684056867,342.6582970747699,39.043232,-0.6271476,0.41700003
557,32.25,26.5,6.382909992297707,0.0,266.09250076171367,321.43205154106204,39.133682,-0.62997043,0.40500003
558,32.25,26.75,6.439773563776008,0.0,249.55051631880502,300.571695234648,39.138214,-0.63085556,0.40100002
559,32.25,27.0,6.522550677113706,0.0,234.24540329027278,280.159092419524,39.127754,-0.63030005,0.35900003
560,32.25,27.25,6.645538458853918,0.0,220.43503259811337,260.2997214932058,39.14679,-0.63044775,0.35900003
561,32.25,27.5,6.7923277069414745,0.0,208.4168337749315,241.13042927664185,39.18234,-0.63288414,0.37100002
562,32.25,27.75,6.871124370275692,0.0,198.51663570755127,222.8294954743967,39.14469,-0.6344771,0.386
563,32.25,28.0,6.925388464200699,0.0,185.26371556150073,205.62901006738832,38.98659,-0.62703294,0.379
564,32.25,28.25,6.934405401963687,0.0,169.5471849095966,189.8284478781842,38.85174,-0.60742027,0.37800002
565,32.25,28.5,6.951464473407177,0.0,155.85113064908163,175.80576280415644,38.819965,-0.58283293,0.377
566,32.25,28.75,6.953901483613389,0.0,144.75029782242302,164.017671022795,38.817085,-0.561819,0.37300003
567,32.25,29.0,6.935623907066793,0.0,135.97676543703673,154.9750014469268,38.735313,-0.5425638,0.386
568,32.25,29.25,6.905567447856834,0.0,129.31113316862397,149.1778981763709,38.59355,-0.5181907,0.39100003
569,32.25,29.5,6.881928448856569,0.0,126.77634203346622,147.01084420170002,38.38336,-0.48949182,0.40800002
570,32.25,29.75,6.851384587605367,0.0,128.61687044012515,148.63271326599474,38.407757,-0.4700599,0.44300002
571,32.25,30.0,6.799395036539492,0.0,134.6534146616797,148.29362592485893,38.56541,-0.46661693,0.47100002
572,32.25,30.25,6.736845107913361,0.0,144.3605233706838,138.7278228246622,38.663746,-0.47195694,0.45400003
573,32.25,30.5,6.663653568053434,0.0,157.05903673786412,132.73819198265883,38.73281,-0.4770445,0.45000002
574,32.25,30.75,6.620680954750546,0.0,172.08795110892254,130.8169116584872,38.74295,-0.47759458,0.45000002
575,32.25,31.0,6.568691403684671,0.0,164.96036007956883,133.14023350328887,38.73979,-0.47567475,0.45100003
576,32.25,31.25,6.547408181217078,0.0,150.11923178664506,139.49622431393107,38.732845,-0.47296047,0.448
577,32.25,31.5,6.492250516883126,0.0,137.761813068608,129.50792226226153,38.75723,-0.47216758,0.45400003
578,32.25,31.75,6.442210573982221,0.0,128.60614007741722,118.5719769933957,38.77816,-0.47225007,0.45200002
579,32.25,32.0,6.409717104566049,0.0,123.36718749969795,111.64069440036641,38.782547,-0.47303447,0.469
580,32.25,32.25,6.296721064671312,0.0,122.5483379662404,109.47740908309302,38.819683,-0.4774265,0.492
581,32.25,32.5,6.2000529931582,0.0,126.23564030977197,112.35787293839122,38.829815,-0.48508498,0.48100004
582,32.25,32.75,6.091849740002346,0.0,120.38944234293156,119.91916782089692,38.876415,-0.4965809,0.44200003
583,32.25,33.0,5.913623060254643,0.0,97.63369233650548,131.35539362498753,38.887585,-0.509516,0.41400003
584,32.25,33.25,5.744657019290549,0.0,75.32288169278497,144.24723841687268,38.94093,-0.52364445,0.40300003
585,32.25,33.5,5.623862546735929,0.0,54.011431840185,121.00808932914894,38.96488,-0.5318494,0.40300003
586,32.25,33.75,5.425814850644361,0.0,35.545009641080824,97.72877383525932,38.95584,-0.5287378,0.42800003
587,32.25,34.0,5.290317083178923,0.0,26.686782394694315,74.54416241798103,38.935383,-0.5092514,0.46100003
588,32.25,34.25,5.335239304646781,0.0,28.539967177620646,51.66974553138097,38.6959,-0.47199407,0.47100002
589,32.25,34.5,4.716401179615786,0.0,22.258903317165892,29.828177768006714,38.085476,-0.4356113,0.476
590,32.25,34.75,3.738104049168387,0.3960600003051897,33.071387511723344,14.72122695051838,37.16209,-0.41267958,0.47300002
591,32.25,35.0,2.908789475994137,0.7954465689042163,52.91366902017899,19.99832305187417,37.16209,-0.41267958,0.448
592,32.0,26.0,6.128242425748459,0.0,286.190839134425,354.30619282465995,38.86525,-0.575591,0.47100002
593,32.0,26.25,6.262277987090169,0.0,266.63833301721394,332.076166190304,38.8656,-0.5859254,0.46100003
594,32.0,26.5,6.23417113604518,0.0,247.8204244919669,310.06479618374095,38.936764,-0.6035526,0.46
595,32.0,26.75,6.291115941197021,0.0,229.9176649465829,288.3222931361113,39.00908,-0.6189689,0.425
596,32.0,27.0,6.403380878029896,0.0,213.16086454458323,266.9144963591622,39.05205,-0.62613565,0.42400002
597,32.0,27.25,6.535954233247877,0.0,197.84151614599713,245.92895413803572,39.02937,-0.6270659,0.42200002
598,32.0,27.5,6.648787805795535,0.0,184.3184717394998,225.4837176709586,39.03163,-0.626282,0.39400002
599,32.0,27.75,6.717105325243036,0.0,173.01352915455254,205.7400489552835,38.99426,-0.6234412,0.39600003
600,32.0,28.0,6.769338577329533,0.0,164.3850145441367,186.9205100985086,38.91898,-0.6139494,0.39400002
601,32.0,28.25,6.798663933477628,0.0,148.9724047456672,169.3336154887927,38.863266,-0.5949639,0.384
602,32.0,28.5,6.824983643704727,0.0,133.1315055522202,153.40400571735165,38.818867,-0.5700933,0.393
603,32.0,28.75,6.843829855966107,0.0,119.90832706914252,139.69985925453418,38.7808,-0.5487185,0.39900002
604,32.0,29.0,6.85187198964661,0.0,110.2489101485003,128.93284798728644,38.648746,-0.5297369,0.407
605,32.0,29.25,6.82181553043665,0.0,102.21670524412583,121.88391944060032,38.420162,-0.50570065,0.40100002
606,32.0,29.5,6.774943700803823,0.0,98.98162677451406,119.21447660271276,38.18397,-0.47754648,0.38300002
607,32.0,29.75,6.683880752765001,0.0,101.33458627024667,121.21422139820473,38.246128,-0.45739242,0.39100003
608,32.0,30.0,6.63481561394658,0.0,108.91400359993932,124.51589213802407,38.514057,-0.45140105,0.42700002
609,32.0,30.25,6.633353407822853,0.0,120.73955253479215,112.92102333808346,38.616608,-0.45171577,0.42900002
610,32.0,30.5,6.575027630220824,0.0,135.70564583491415,105.45500875616823,38.61433,-0.45212474,0.42600003
611,32.0,30.75,6.597204423097361,0.0,152.89273514990407,103.01951255874609,38.546566,-0.45070958,0.42900002
612,32.0,31.0,6.514508543433204,0.0,145.66271457808747,105.96199056615946,38.480648,-0.44819826,0.43300003
613,32.0,31.25,6.543752665907759,0.0,128.56428826450548,113.86626409677753,38.52277,-0.44673517,0.43100002
614,32.0,31.5,6.533029821000422,0.0,113.84918827244316,107.10823892916817,38.597706,-0.4475274,0.43300003
615,32.0,31.75,6.4717796311509375,0.0,102.54866844951715,93.5510702495128,38.623775,-0.4488552,0.43600002
616,32.0,32.0,6.334819657561773,0.0,95.8778607100811,84.56826113634348,38.714314,-0.4508924,0.441
617,32.0,32.25,6.205414415611868,0.0,94.81903237687244,81.68321349392347,38.77539,-0.45479825,0.46100003
618,32.0,32.5,6.117763281861744,0.0,99.55141703884952,85.51534939446832,38.799866,-0.4604492,0.48100004
619,32.0,32.75,5.999324585839797,0.0,109.32550742281232,95.25738964537717,38.832626,-0.46815503,0.476
620,32.0,33.0,5.813299473432212,0.0,108.68811092838529,109.34086172698171,38.85389,-0.47683474,0.46100003
621,32.0,33.25,5.6448208345093605,0.0,89.12733148215708,126.32189506924077,38.873558,-0.4861054,0.441
622,32.0,33.5,5.517608901745047,0.0,71.97077031520509,119.5656403094919,38.904232,-0.49198157,0.42600003
623,32.0,33.75,5.323785356677581,0.0,59.341824419000574,96.049073539237,38.880047,-0.48863417,0.42900002
624,32.0,34.0,5.180732857572884,0.0,41.850995546132076,72.56464358615679,38.855446,-0.47586858,0.448
625,32.0,34.25,5.2090834096384935,0.0,18.75487236537849,49.158645882489736,38.511677,-0.45053196,0.467
626,32.0,34.5,4.33184096907539,0.0563990661193597,5.639106101002371,26.04370721901136,37.90994,-0.42444903,0.48600003
627,32.0,34.75,3.505450808148596,0.5955472815222864,25.133595194367775,7.123445152595262,37.16209,-0.41267958,0.47800002
628,32.0,35.0,2.695144914582806,0.9971922542841012,48.39953419589612,20.53157170581552,37.16209,-0.41267958,0.462
629,31.75,26.0,5.703471546805551,0.2078342209268612,272.240732681592,346.3786391057239,38.705536,-0.45403445,0.55
630,31.75,26.25,5.959520085804986,0.1383425144583644,251.54880199275962,323.54096703245995,38.70519,-0.4613669,0.52400005
631,31.75,26.5,6.042297199142684,0.0649138601925747,231.45144411906742,300.84261494185523,38.741478,-0.48150513,0.503
632,31.75,26.75,6.113376663490561,0.0019684738986464,212.1178438344568,278.31780315415836,38.750416,-0.5050024,0.469
633,31.75,27.0,6.225641600323435,0.0019684738986464,193.77685519663925,256.01247305994093,38.78994,-0.5290922,0.44700003
634,31.75,27.25,6.357971254520796,0.0,176.73788156583197,233.98953144530486,38.805317,-0.54812765,0.44500002
635,31.75,27.5,6.499805248522386,0.0,161.4138760889718,212.33699291018917,38.82869,-0.5625063,0.43500003
636,31.75,27.75,6.562355177148517,0.0,148.33737858891575,191.18088125580354,38.836185,-0.56966335,0.407
637,31.75,28.0,6.604109285348298,0.0,138.14816292926565,170.70599640986586,38.835644,-0.56728625,0.381
638,31.75,28.25,6.633840809864096,0.0,131.09043190064978,151.1894847179949,38.824306,-0.55698884,0.365
639,31.75,28.5,6.689973278280533,0.0,112.71145641923273,133.0538648733977,38.81154,-0.5419575,0.35900003
640,31.75,28.75,6.678031928270089,0.0,96.68950187906074,116.94347253806062,38.79935,-0.526764,0.38300002
641,31.75,29.0,6.680956340517545,0.0,84.37820084614846,103.80566202782394,38.41427,-0.5078726,0.41000003
642,31.75,29.25,6.648462871101373,0.0,75.63511801700076,94.88342845109977,38.04111,-0.4847573,0.42000002
643,31.75,29.5,6.598179227179847,0.0,71.19004773413535,91.41954646860029,37.871464,-0.46145996,0.416
644,31.75,29.75,6.558131026124415,0.0,74.43541002210667,94.01927588745973,37.850315,-0.44448322,0.40800002
645,31.75,30.0,6.54789558325832,0.0,84.48958951850634,102.22100956908442,37.838814,-0.4359987,0.41700003
646,31.75,30.25,6.520601068948736,0.0004730441151786,99.3055690255283,88.33129533141928,37.642265,-0.43170998,0.42900002
647,31.75,30.5,6.351635027984642,0.0254986037568858,117.08941913835068,78.53421274290842,37.192734,-0.4253888,0.42700002
648,31.75,30.75,6.393389136184423,0.039644148749485,136.6875228983194,75.22309823024027,37.132633,-0.42097285,0.42200002
649,31.75,31.0,6.358458656562038,0.1240138556147284,129.4940695521229,79.21550464739873,37.10159,-0.41818807,0.42000002
650,31.75,31.25,6.346761007572216,0.0847359345673172,109.85085503596758,89.53973637376001,37.094547,-0.4162681,0.42400002
651,31.75,31.5,6.336038162664879,0.0847511940549036,92.14361379575797,87.84944668123067,36.748127,-0.41244543,0.42800003
652,31.75,31.75,6.354559440232097,0.0087131674118383,77.70738846814784,70.63854530188821,35.5122,-0.40030476,0.432
653,31.75,32.0,6.31353643509418,0.0096592556421955,68.63818936240364,58.18478948683871,38.274406,-0.4374189,0.437
654,31.75,32.25,6.172433544154453,0.0040285047228114,67.14715847848068,53.893696855376554,38.544403,-0.44307914,0.45000002
655,31.75,32.5,6.005904513396572,0.0,73.69571785558509,59.55660402187814,38.700222,-0.44759864,0.44400004
656,31.75,32.75,5.887059649006923,0.0,86.47629775887508,72.88924442216232,38.775272,-0.4524384,0.44900003
657,31.75,33.0,5.732715669280106,0.0,103.19885664516781,90.56533546274667,38.802616,-0.45728666,0.46100003
658,31.75,33.25,5.563749628316011,0.0,108.44031577674942,110.52008036030398,38.841263,-0.46238086,0.47200003
659,31.75,33.5,5.426545953706225,0.0,87.13910983233782,124.47604289938033,38.841827,-0.4653733,0.469
660,31.75,33.75,5.360421743444315,0.0,65.89235607333742,102.02924128250717,38.778534,-0.4621791,0.455
661,31.75,34.0,5.232478707618138,0.0,46.15699531324569,80.24581694832261,38.64815,-0.45301196,0.469
662,31.75,34.25,4.846781225648176,0.022278851876154,31.42208132877645,59.85467031029058,38.3853,-0.43478027,0.49600002
663,31.75,34.5,3.451755349938371,0.4017517891749195,31.063371308143875,42.89000503401987,38.1979,-0.41968912,0.518
664,31.75,34.75,2.7556640013704263,0.875406283856988,41.41509248457062,34.78955776673653,38.1979,-0.41968912,0.49400002
665,31.75,35.0,2.757613609535397,0.9978178932751438,58.572033358517956,41.168766047534575,38.1979,-0.41968912,0.48600003
666,31.5,26.0,5.105997877915688,0.6536401507637374,260.51801676257173,340.2928284459438,38.705536,-0.45403445,0.528
667,31.5,26.25,5.365783165897983,0.5679123495033037,238.75204417303013,317.21796956060757,38.70519,-0.4613669,0.527
668,31.5,26.5,5.507617159899574,0.4803534097325012,217.4158309934849,293.96745944759397,38.734913,-0.4483713,0.50100005
669,31.5,26.75,5.5723603977112965,0.4144629423343964,196.64943752451669,270.8071426782243,38.72836,-0.4583511,0.46500003
670,31.5,27.0,5.692911169245295,0.2984297987273587,176.65405541065036,247.76244891686267,38.75183,-0.47258958,0.45600003
671,31.5,27.25,5.827677833648869,0.2856728671051226,157.72331285970498,224.8690642811631,38.757698,-0.48675376,0.508
672,31.5,27.5,6.166828420680163,0.064623929928433,140.2889793221659,202.1785320455524,38.776737,-0.50623184,0.47500002
673,31.5,27.75,6.369425202489996,0.0126195962339584,124.97897625756251,179.76781946390105,38.784286,-0.51949155,0.42200002
674,31.5,28.0,6.411423011710398,0.0126348557215448,112.66279043378962,157.75636323426048,38.792183,-0.5224727,0.39400002
675,31.5,28.25,6.462925160735031,0.0,104.40542163552857,136.33781756667588,38.79359,-0.52159137,0.34800002
676,31.5,28.5,6.528155800587996,0.0,96.06871937077656,115.84166869000939,38.78957,-0.51736474,0.34
677,31.5,28.75,6.52328178017557,0.0,76.58464167948831,96.85541643209194,38.77006,-0.5095372,0.35300002
678,31.5,29.0,6.514995945474446,0.0,60.25000053868632,80.45532680952762,38.22376,-0.49319765,0.36900002
679,31.5,29.25,6.482502476058275,0.0,50.23719722935398,68.52423537767602,37.876003,-0.47198942,0.40500003
680,31.5,29.5,6.405574187215487,0.0004272656524194,43.40762918850066,63.627937633528,37.764744,-0.45307165,0.42600003
681,31.5,29.75,6.396313548431879,0.0009613477179436,48.560220694378174,67.31934165496199,37.54624,-0.4378855,0.43600002
682,31.5,30.0,6.282505171801736,0.0443745899012711,62.93038814276057,78.39455531153602,37.30897,-0.42908615,0.44900003
683,31.5,30.25,5.391453006736759,0.3341217401919644,81.79627247163381,66.32638612669699,36.866203,-0.42207465,0.44200003
684,31.5,30.5,5.222243264752043,0.3591625593212579,102.70964080457954,52.535880208657005,36.408157,-0.41525486,0.34500003
685,31.5,30.75,5.165867095314985,0.4191018265606641,124.64403029546138,47.429400105941035,37.132633,-0.42097285,0.34500003
686,31.5,31.0,5.189018692274008,0.5476477499885554,117.75051293823711,53.551657052731954,37.10159,-0.41818807,0.36800003
687,31.5,31.25,5.142146862641179,0.5015183190148474,95.66130963985994,67.93166765868513,37.094547,-0.4162681,0.286
688,31.5,31.5,5.179758053490398,0.4861520150153358,74.59719043882642,74.21828102316438,36.748127,-0.41244543,0.307
689,31.5,31.75,5.2026659494288,0.4041627882135717,55.732986029989135,52.66229905466546,35.5122,-0.40030476,0.35500002
690,31.5,32.0,5.89047146329562,0.1613080432759068,42.135181802796865,34.12742964880296,36.21606,-0.39726645,0.28100002
691,31.5,32.25,6.159761091082146,0.0435353180840187,39.65313494370663,26.12379531546484,36.634453,-0.40529296,0.39400002
692,31.5,32.5,5.986895833788111,0.0395068133612073,49.97158665073486,36.42298605589126,37.100143,-0.41169927,0.42800003
693,31.5,32.75,5.7788563958510695,0.0016022461965727,67.451715109245,55.652689271447294,37.452328,-0.41677132,0.437
694,31.5,33.0,5.633366886540159,0.0019226954358872,87.9208948116669,77.42226598156125,37.782238,-0.42276883,0.448
695,31.5,33.25,5.468300061906006,0.0022584041627882,104.46567044284487,100.08783789807372,37.889275,-0.42484117,0.453
696,31.5,33.5,5.330365284234356,0.0,80.80070962827077,123.15561345226007,37.935562,-0.4251659,0.462
697,31.5,33.75,5.263997372951824,0.0,57.1716617362318,114.62953454497386,38.188473,-0.4271609,0.48000002
698,31.5,34.0,4.825498003180583,0.1433628858742923,33.654508031391494,95.70071873338084,37.999676,-0.4214745,0.507
699,31.5,34.25,4.146546959729669,0.2565119863274991,10.993033175778706,79.33536145544115,38.04133,-0.4122874,0.532
700,31.5,34.5,2.802048428962012,0.7417789510628233,11.431925542812198,67.42671097281918,38.04133,-0.4122874,0.50200003
701,31.5,34.75,2.880195222907906,0.8771153464666657,35.098903423446295,62.57333395773148,38.1979,-0.41968912,0.5
702,31.5,35.0,2.8819011300522543,0.9998626646117224,58.79532198342042,66.34218280524256,38.1979,-0.41968912,0.49300003
703,31.25,26.0,4.678789988766567,1.0,251.3345539924977,335.23924776109084,38.705536,-0.45403445,0.528
704,31.25,26.25,4.793004533764411,0.9999847405124136,228.6333683207268,311.736018789571,38.734913,-0.4483713,0.51100004
705,31.25,26.5,4.839632662376618,0.999511696397235,206.19064132545475,288.28475522244577,38.734913,-0.4483713,0.50100005
706,31.25,26.75,4.856772967493649,0.9891352448384784,184.101052398905,264.8993931349916,38.72836,-0.4583511,0.41300002
707,31.25,27.0,4.977567440048269,0.8727816519921261,162.5088035756245,241.59920534244654,38.75183,-0.47258958,0.404
708,31.25,27.25,5.092350620760896,0.7851464147833915,141.64165856093015,218.41158944129555,38.757698,-0.48675376,0.439
709,31.25,27.5,5.534505505841456,0.3840050051119283,121.87277795944715,195.3767682398941,38.7812,-0.46541926,0.44200003
710,31.25,27.75,5.817198689762153,0.3216852578090428,103.83150357248529,172.1278200360583,38.779945,-0.47573185,0.38300002
711,31.25,28.0,5.904118720450413,0.219751880731845,88.57991471800126,148.9257395431948,38.78737,-0.4781419,0.39900002
712,31.25,28.25,5.956108271516288,0.2044008362199197,77.7769196640091,125.94877518648454,38.776413,-0.48252174,0.379
713,31.25,28.5,6.066992235898975,0.1431950315108418,73.41344557728266,103.34734015249535,38.760532,-0.4864525,0.36900002
714,31.25,28.75,6.251555142182832,0.041933071887446,62.666175922138585,81.43487242908786,38.649555,-0.48508576,0.37600002
715,31.25,29.0,6.241482166663818,0.0419483313750324,41.06053519025876,60.959098749951906,38.048748,-0.4736669,0.37500003
716,31.25,29.25,6.198834488055093,0.0162208353043504,24.01546023912163,43.975076315290636,37.690014,-0.45657286,0.40300003
717,31.25,29.5,6.109233746139998,0.0166481009567698,15.683129951140494,35.847375699973554,37.417847,-0.44122818,0.439
718,31.25,29.75,5.625081051839036,0.1712267102070712,26.853168917944643,42.06775530976609,37.439762,-0.4317228,0.467
719,31.25,30.0,5.048646904396144,0.4222910594662231,48.244058964562676,58.20472449250727,37.30897,-0.42908615,0.44900003
720,31.25,30.25,4.018847624924113,0.7752430073398136,71.1698110193288,50.41302210484551,36.866203,-0.42207465,0.35700002
721,31.25,30.5,3.741515863457085,0.8592159675278104,94.52003509870651,29.965768577370326,36.408157,-0.41525486,0.34500003
722,31.25,30.75,3.5894464265894,0.9227106953748492,118.04302005484695,19.64994730276343,36.408157,-0.41525486,0.34500003
723,31.25,31.0,3.5965137561874174,0.9846336960004882,111.83485220137501,31.717421626957638,37.10159,-0.41818807,0.36800003
724,31.25,31.25,3.5283587040869966,0.9916835792654084,88.20659640522776,52.51254462879974,37.094547,-0.4162681,0.282
725,31.25,31.5,3.5723061214723693,0.9788045717424808,64.68789257547448,69.60358263301168,36.748127,-0.41244543,0.307
726,31.25,31.75,3.692938126679908,0.9575175865594434,41.465792277404994,45.851321938189855,36.21606,-0.39726645,0.291
727,31.25,32.0,4.760348597001158,0.5405673477484626,19.62349852229493,22.122973854765938,36.21606,-0.39726645,0.291
728,31.25,32.25,5.408024676139007,0.3494422657287168,13.47366165140347,2.4318160970613234,36.047348,-0.39172527,0.324
729,31.25,32.5,5.571629294649433,0.2175239955442296,33.29844682910239,25.530559611272366,36.18455,-0.39322844,0.36600003
730,31.25,32.75,5.360909145485557,0.1772084293409427,56.27448769791395,49.26570708773538,36.710606,-0.39631128,0.411
731,31.25,33.0,5.226629883123227,0.2218576900187691,79.72216289539153,73.01921590505933,36.996143,-0.39898685,0.41000003
732,31.25,33.25,5.0735856421730565,0.2184243053118276,103.3207923975708,96.77749001315392,37.184555,-0.40088624,0.43300003
733,31.25,33.5,4.945642606346879,0.2147162498283307,83.72419803980213,120.53762590801401,37.3272,-0.40299147,0.42900002
734,31.25,33.75,4.850436740957496,0.2930126806341843,61.16284060167057,131.96710523669904,37.60724,-0.4065866,0.47500002
735,31.25,34.0,4.39236005586301,0.4379472937298765,39.99031172095075,115.85912472549808,37.641777,-0.4021426,0.50100005
736,31.25,34.25,3.6018751786410856,0.6981673355408725,24.181568551277085,102.71867659843124,38.04133,-0.4122874,0.512
737,31.25,34.5,3.165569118055436,0.918834785527902,26.40961901655271,93.80139203592874,38.04133,-0.4122874,0.509
738,31.25,34.75,3.312845768184236,0.9998779240993088,44.01572000611067,90.3663092628183,38.04133,-0.4122874,0.50200003
739,31.25,35.0,2.9658967484930594,0.997375368135138,64.63013970185051,93.0227711131059,38.1979,-0.41968912,0.50200003
740,31.0,26.0,4.686101019385205,1.0,244.97607941049347,332.4389241786101,38.705536,-0.45403445,0.521
741,31.0,26.25,4.644590612206046,1.0,221.56000395054616,308.6577915494621,38.734913,-0.4483713,0.51100004
742,31.0,26.5,4.675865576519112,1.0,198.25383229053713,284.88835690820605,38.734913,-0.4483713,0.50100005
743,31.0,26.75,4.693412050003844,1.0,175.10159433072522,261.1339503512817,38.72836,-0.4583511,0.41300002
744,31.0,27.0,4.7012104826637255,1.0,152.17370818330892,237.39922029116408,38.75183,-0.47258958,0.404
745,31.0,27.25,4.71152715920336,0.9998321456365497,129.5894550132457,213.69086228163926,38.7812,-0.46541926,0.439
746,31.0,27.5,4.788617915393228,0.9991454686951612,107.56564630362223,190.01888906787343,38.7812,-0.46541926,0.44200003
747,31.0,27.75,4.855310761369921,0.9585857506904918,86.53142650576974,166.39897387990084,38.779945,-0.47573185,0.32200003
748,31.0,28.0,4.9544158430892455,0.8139258083713549,67.41962438039879,142.8570887139211,38.78737,-0.4781419,0.384
749,31.0,28.25,5.007380198237606,0.7280148932598843,52.37878276326612,119.43953535241162,38.721947,-0.45621982,0.388
750,31.0,28.5,5.128499605486387,0.6188637785543162,45.62992616361116,96.23727844109223,38.304714,-0.45518857,0.314
751,31.0,28.75,5.559363009944828,0.3036485434819098,50.60700431997837,73.45479138370942,38.018177,-0.45357934,0.36800003
752,31.0,29.0,5.753511489706455,0.2038820136419818,35.88029729435561,50.04469797103907,37.50477,-0.45023417,0.404
753,31.0,29.25,5.705421154970521,0.1736529687333099,13.238050504954199,26.787581140938087,36.80493,-0.4383257,0.439
754,31.0,29.5,5.286417866848983,0.2350876657561839,12.378924682021768,8.19104192165885,36.422005,-0.4240235,0.46400002
755,31.0,29.75,4.0347694249380375,0.6750644713350525,25.092293765301235,23.516612562311625,36.422005,-0.4240235,0.46100003
756,31.0,30.0,3.477100256082985,0.9762714968031374,47.33135491579835,46.64103075959311,37.439762,-0.4317228,0.45400003
757,31.0,30.25,3.358742793734579,0.9987487220179146,70.60546346626194,47.215120870080426,36.866203,-0.42207465,0.35700002
758,31.0,30.5,3.32868633452462,0.9927670028840432,94.15005171788232,24.112409723430826,36.408157,-0.41525486,0.35700002
759,31.0,30.75,3.358499092713957,0.980116887674912,117.80297027216915,8.26025490723511,36.408157,-0.41525486,0.32700002
760,31.0,31.0,3.3049661018508143,0.9971617353089284,112.66883624291302,26.262916087009913,37.10159,-0.41818807,0.36800003
761,31.0,31.25,3.2740160722319103,0.9976500389116932,89.19171943399247,49.45636468584764,37.094547,-0.4162681,0.268
762,31.0,31.5,3.2415226028157385,0.9978941907130758,65.95296382659679,73.05338227896692,36.748127,-0.41244543,0.307
763,31.0,31.75,3.2930247518403712,0.9881128591701892,43.3379373636833,54.560810366164965,36.21606,-0.39726645,0.291
764,31.0,32.0,3.5329890234788013,0.9564646819159812,23.244902346406953,36.87415464661937,36.047348,-0.39172527,0.291
765,31.0,32.25,4.108204665818586,0.9251216944135016,18.33701813388314,29.57894021557133,36.047348,-0.39172527,0.31800002
766,31.0,32.5,4.410962567103769,0.7335998657165093,35.58005195242458,39.019428047894245,36.18455,-0.39322844,0.29700002
767,31.0,32.75,4.555477272332194,0.6842354233744831,57.70097363182306,57.46743571595747,36.710606,-0.39631128,0.35300002
768,31.0,33.0,4.4422375314168345,0.7811331695481666,80.78751481910975,78.83448390730697,36.996143,-0.39898685,0.38700002
769,31.0,33.25,4.261086439421676,0.7655990111852045,104.19973347617072,101.28973293486467,37.184555,-0.40088624,0.326
770,31.0,33.5,4.113322387251634,0.8183663192589993,95.05884727319561,124.24446875515694,37.3272,-0.40299147,0.29200003
771,31.0,33.75,4.027133459625237,0.920482810187234,75.88600057358317,147.4655334510328,37.60724,-0.4065866,0.425
772,31.0,34.0,3.881643950314327,0.9723498084934308,60.09450162228639,138.68496235403785,37.641777,-0.4021426,0.47400004
773,31.0,34.25,3.551104132678317,1.0,50.93316756900892,127.88143880679559,37.641777,-0.4021426,0.503
774,31.0,34.5,3.679047168504495,0.9999847405124136,52.03081382758061,120.8162733959343,38.04133,-0.4122874,0.505
775,31.0,34.75,3.51763585917966,0.9999542215372408,62.8522285508977,118.16199266767825,38.04133,-0.4122874,0.509
776,31.0,35.0,3.042581336315225,0.9968870645323732,79.52214997391025,120.2111453909734,38.04133,-0.4122874,0.50200003
